commodity,market,region,pricetype,strategy,forecast_date,horizon_months,forecast_price_kes,forecast_lower,forecast_upper,test_mape,confidence
Maize,Nairobi,Nairobi,Wholesale,chronos,2022-04-01,3,24.62,21.48,26.9,9.7,high
Maize,Nairobi,Nairobi,Wholesale,chronos,2022-05-01,3,24.41,20.21,27.74,9.7,high
Maize,Nairobi,Nairobi,Wholesale,chronos,2022-06-01,3,24.51,19.78,28.41,9.7,high
Maize,Nairobi,Nairobi,Wholesale,chronos,2022-04-01,6,24.19,21.29,27.57,9.7,high
Maize,Nairobi,Nairobi,Wholesale,chronos,2022-05-01,6,24.3,20.21,27.35,9.7,high
Maize,Nairobi,Nairobi,Wholesale,chronos,2022-06-01,6,24.08,19.98,28.62,9.7,high
Maize,Nairobi,Nairobi,Wholesale,chronos,2022-07-01,6,23.87,19.76,29.52,9.7,high
Maize,Nairobi,Nairobi,Wholesale,chronos,2022-08-01,6,23.55,20.13,29.48,9.7,high
Maize,Nairobi,Nairobi,Wholesale,chronos,2022-09-01,6,23.65,19.78,29.67,9.7,high
Maize,Nairobi,Nairobi,Wholesale,chronos,2022-04-01,12,24.3,21.72,26.23,9.7,high
Maize,Nairobi,Nairobi,Wholesale,chronos,2022-05-01,12,24.51,21.48,27.52,9.7,high
Maize,Nairobi,Nairobi,Wholesale,chronos,2022-06-01,12,24.73,21.05,27.12,9.7,high
Maize,Nairobi,Nairobi,Wholesale,chronos,2022-07-01,12,24.51,20.58,27.31,9.7,high
Maize,Nairobi,Nairobi,Wholesale,chronos,2022-08-01,12,24.3,19.57,27.59,9.7,high
Maize,Nairobi,Nairobi,Wholesale,chronos,2022-09-01,12,23.87,19.12,28.21,9.7,high
Maize,Nairobi,Nairobi,Wholesale,chronos,2022-10-01,12,23.22,18.26,28.3,9.7,high
Maize,Nairobi,Nairobi,Wholesale,chronos,2022-11-01,12,23.44,18.67,29.7,9.7,high
Maize,Nairobi,Nairobi,Wholesale,chronos,2022-12-01,12,23.01,18.49,30.1,9.7,high
Maize,Nairobi,Nairobi,Wholesale,chronos,2023-01-01,12,22.9,18.62,28.43,9.7,high
Maize,Nairobi,Nairobi,Wholesale,chronos,2023-02-01,12,22.47,16.56,27.52,9.7,high
Maize,Nairobi,Nairobi,Wholesale,chronos,2023-03-01,12,21.72,15.89,27.14,9.7,high
Maize,Nakuru,Rift Valley,Wholesale,chronos,2022-05-01,3,35.53,33.3,37.16,6.04,high
Maize,Nakuru,Rift Valley,Wholesale,chronos,2022-06-01,3,35.33,31.65,37.83,6.04,high
Maize,Nakuru,Rift Valley,Wholesale,chronos,2022-07-01,3,35.33,31.27,39.02,6.04,high
Maize,Nakuru,Rift Valley,Wholesale,chronos,2022-05-01,6,35.53,32.28,37.56,6.04,high
Maize,Nakuru,Rift Valley,Wholesale,chronos,2022-06-01,6,35.23,31.21,37.99,6.04,high
Maize,Nakuru,Rift Valley,Wholesale,chronos,2022-07-01,6,35.23,29.83,37.78,6.04,high
Maize,Nakuru,Rift Valley,Wholesale,chronos,2022-08-01,6,34.52,30.15,39.04,6.04,high
Maize,Nakuru,Rift Valley,Wholesale,chronos,2022-09-01,6,34.21,28.61,40.44,6.04,high
Maize,Nakuru,Rift Valley,Wholesale,chronos,2022-10-01,6,34.92,27.71,42.13,6.04,high
Maize,Nakuru,Rift Valley,Wholesale,chronos,2022-05-01,12,35.53,32.26,37.36,6.04,high
Maize,Nakuru,Rift Valley,Wholesale,chronos,2022-06-01,12,35.53,31.47,37.56,6.04,high
Maize,Nakuru,Rift Valley,Wholesale,chronos,2022-07-01,12,35.12,30.15,38.8,6.04,high
Maize,Nakuru,Rift Valley,Wholesale,chronos,2022-08-01,12,35.12,29.2,39.61,6.04,high
Maize,Nakuru,Rift Valley,Wholesale,chronos,2022-09-01,12,35.53,29.01,40.69,6.04,high
Maize,Nakuru,Rift Valley,Wholesale,chronos,2022-10-01,12,35.73,28.16,42.25,6.04,high
Maize,Nakuru,Rift Valley,Wholesale,chronos,2022-11-01,12,34.92,27.78,42.35,6.04,high
Maize,Nakuru,Rift Valley,Wholesale,chronos,2022-12-01,12,34.11,24.14,40.51,6.04,high
Maize,Nakuru,Rift Valley,Wholesale,chronos,2023-01-01,12,32.79,23.86,39.79,6.04,high
Maize,Nakuru,Rift Valley,Wholesale,chronos,2023-02-01,12,29.74,21.72,38.62,6.04,high
Maize,Nakuru,Rift Valley,Wholesale,chronos,2023-03-01,12,29.14,20.49,37.22,6.04,high
Maize,Nakuru,Rift Valley,Wholesale,chronos,2023-04-01,12,29.24,19.73,37.97,6.04,high
Maize,Mombasa,Coast,Wholesale,prophet,2021-12-01,3,30.79,24.15,38.5,13.3,medium
Maize,Mombasa,Coast,Wholesale,prophet,2022-01-01,3,32.86,25.66,39.78,13.3,medium
Maize,Mombasa,Coast,Wholesale,prophet,2022-02-01,3,33.25,26.05,40.23,13.3,medium
Maize,Mombasa,Coast,Wholesale,prophet,2021-12-01,6,30.79,23.6,38.13,13.3,medium
Maize,Mombasa,Coast,Wholesale,prophet,2022-01-01,6,32.86,25.72,40.4,13.3,medium
Maize,Mombasa,Coast,Wholesale,prophet,2022-02-01,6,33.25,25.79,40.29,13.3,medium
Maize,Mombasa,Coast,Wholesale,prophet,2022-03-01,6,34.86,27.79,41.81,13.3,medium
Maize,Mombasa,Coast,Wholesale,prophet,2022-04-01,6,36.27,28.83,43.56,13.3,medium
Maize,Mombasa,Coast,Wholesale,prophet,2022-05-01,6,37.11,29.99,44.51,13.3,medium
Maize,Mombasa,Coast,Wholesale,prophet,2021-12-01,12,30.79,24.01,38.07,13.3,medium
Maize,Mombasa,Coast,Wholesale,prophet,2022-01-01,12,32.86,25.31,39.59,13.3,medium
Maize,Mombasa,Coast,Wholesale,prophet,2022-02-01,12,33.25,26.09,40.59,13.3,medium
Maize,Mombasa,Coast,Wholesale,prophet,2022-03-01,12,34.86,27.76,41.82,13.3,medium
Maize,Mombasa,Coast,Wholesale,prophet,2022-04-01,12,36.27,29.07,43.43,13.3,medium
Maize,Mombasa,Coast,Wholesale,prophet,2022-05-01,12,37.11,29.76,43.94,13.3,medium
Maize,Mombasa,Coast,Wholesale,prophet,2022-06-01,12,36.76,29.59,44.14,13.3,medium
Maize,Mombasa,Coast,Wholesale,prophet,2022-07-01,12,34.94,27.75,41.95,13.3,medium
Maize,Mombasa,Coast,Wholesale,prophet,2022-08-01,12,32.5,25.5,39.46,13.3,medium
Maize,Mombasa,Coast,Wholesale,prophet,2022-09-01,12,31.55,24.5,38.65,13.3,medium
Maize,Mombasa,Coast,Wholesale,prophet,2022-10-01,12,32.23,25.03,39.27,13.3,medium
Maize,Mombasa,Coast,Wholesale,prophet,2022-11-01,12,31.3,24.04,38.38,13.3,medium
Maize,Kisumu,Nyanza,Wholesale,chronos,2022-03-01,3,34.74,30.6,37.3,24.76,low
Maize,Kisumu,Nyanza,Wholesale,chronos,2022-04-01,3,34.05,29.91,39.11,24.76,low
Maize,Kisumu,Nyanza,Wholesale,chronos,2022-05-01,3,33.59,28.76,39.8,24.76,low
Maize,Kisumu,Nyanza,Wholesale,chronos,2022-03-01,6,34.51,30.37,37.53,24.76,low
Maize,Kisumu,Nyanza,Wholesale,chronos,2022-04-01,6,34.4,29.66,38.88,24.76,low
Maize,Kisumu,Nyanza,Wholesale,chronos,2022-05-01,6,35.32,29.66,40.29,24.76,low
Maize,Kisumu,Nyanza,Wholesale,chronos,2022-06-01,6,36.58,29.68,42.59,24.76,low
Maize,Kisumu,Nyanza,Wholesale,chronos,2022-07-01,6,36.81,29.43,43.78,24.76,low
Maize,Kisumu,Nyanza,Wholesale,chronos,2022-08-01,6,36.01,28.74,44.01,24.76,low
Maize,Kisumu,Nyanza,Wholesale,chronos,2022-03-01,12,34.74,30.83,37.3,24.76,low
Maize,Kisumu,Nyanza,Wholesale,chronos,2022-04-01,12,34.4,29.66,38.26,24.76,low
Maize,Kisumu,Nyanza,Wholesale,chronos,2022-05-01,12,33.82,28.46,39.6,24.76,low
Maize,Kisumu,Nyanza,Wholesale,chronos,2022-06-01,12,34.63,28.76,42.13,24.76,low
Maize,Kisumu,Nyanza,Wholesale,chronos,2022-07-01,12,35.32,29.66,42.63,24.76,low
Maize,Kisumu,Nyanza,Wholesale,chronos,2022-08-01,12,35.66,29.22,43.3,24.76,low
Maize,Kisumu,Nyanza,Wholesale,chronos,2022-09-01,12,35.09,27.84,41.64,24.76,low
Maize,Kisumu,Nyanza,Wholesale,chronos,2022-10-01,12,33.82,26.18,39.16,24.76,low
Maize,Kisumu,Nyanza,Wholesale,chronos,2022-11-01,12,33.13,25.29,39.14,24.76,low
Maize,Kisumu,Nyanza,Wholesale,chronos,2022-12-01,12,32.9,25.26,38.98,24.76,low
Maize,Kisumu,Nyanza,Wholesale,chronos,2023-01-01,12,32.44,25.29,39.8,24.76,low
Maize,Kisumu,Nyanza,Wholesale,chronos,2023-02-01,12,32.79,24.11,38.93,24.76,low
Maize,Kitui,Eastern,Retail,sarima,2026-06-01,3,54.3,47.61,61.0,4.92,high
Maize,Kitui,Eastern,Retail,sarima,2026-07-01,3,54.05,44.52,63.58,4.92,high
Maize,Kitui,Eastern,Retail,sarima,2026-08-01,3,53.62,41.0,66.23,4.92,high
Maize,Kitui,Eastern,Retail,sarima,2026-06-01,6,54.3,47.61,61.0,4.92,high
Maize,Kitui,Eastern,Retail,sarima,2026-07-01,6,54.05,44.52,63.58,4.92,high
Maize,Kitui,Eastern,Retail,sarima,2026-08-01,6,53.62,41.0,66.23,4.92,high
Maize,Kitui,Eastern,Retail,sarima,2026-09-01,6,52.15,37.07,67.23,4.92,high
Maize,Kitui,Eastern,Retail,sarima,2026-10-01,6,52.74,35.54,69.93,4.92,high
Maize,Kitui,Eastern,Retail,sarima,2026-11-01,6,56.29,37.21,75.37,4.92,high
Maize,Kitui,Eastern,Retail,sarima,2026-06-01,12,54.3,47.61,61.0,4.92,high
Maize,Kitui,Eastern,Retail,sarima,2026-07-01,12,54.05,44.52,63.58,4.92,high
Maize,Kitui,Eastern,Retail,sarima,2026-08-01,12,53.62,41.0,66.23,4.92,high
Maize,Kitui,Eastern,Retail,sarima,2026-09-01,12,52.15,37.07,67.23,4.92,high
Maize,Kitui,Eastern,Retail,sarima,2026-10-01,12,52.74,35.54,69.93,4.92,high
Maize,Kitui,Eastern,Retail,sarima,2026-11-01,12,56.29,37.21,75.37,4.92,high
Maize,Kitui,Eastern,Retail,sarima,2026-12-01,12,56.55,35.76,77.34,4.92,high
Maize,Kitui,Eastern,Retail,sarima,2027-01-01,12,57.69,35.31,80.06,4.92,high
Maize,Kitui,Eastern,Retail,sarima,2027-02-01,12,57.13,33.28,80.98,4.92,high
Maize,Kitui,Eastern,Retail,sarima,2027-03-01,12,55.45,30.21,80.69,4.92,high
Maize,Kitui,Eastern,Retail,sarima,2027-04-01,12,56.52,29.96,83.08,4.92,high
Maize,Kitui,Eastern,Retail,sarima,2027-05-01,12,56.85,29.04,84.67,4.92,high
Maize,Meru,Eastern,Retail,prophet,2026-06-01,3,56.41,41.18,70.73,9.43,high
Maize,Meru,Eastern,Retail,prophet,2026-07-01,3,57.69,43.7,71.25,9.43,high
Maize,Meru,Eastern,Retail,prophet,2026-08-01,3,54.77,40.37,69.01,9.43,high
Maize,Meru,Eastern,Retail,prophet,2026-06-01,6,56.41,41.13,70.86,9.43,high
Maize,Meru,Eastern,Retail,prophet,2026-07-01,6,57.69,43.02,72.35,9.43,high
Maize,Meru,Eastern,Retail,prophet,2026-08-01,6,54.77,40.12,70.14,9.43,high
Maize,Meru,Eastern,Retail,prophet,2026-09-01,6,54.59,39.44,68.7,9.43,high
Maize,Meru,Eastern,Retail,prophet,2026-10-01,6,56.95,42.15,70.64,9.43,high
Maize,Meru,Eastern,Retail,prophet,2026-11-01,6,54.71,40.41,69.65,9.43,high
Maize,Meru,Eastern,Retail,prophet,2026-06-01,12,56.41,41.78,71.13,9.43,high
Maize,Meru,Eastern,Retail,prophet,2026-07-01,12,57.69,43.52,72.4,9.43,high
Maize,Meru,Eastern,Retail,prophet,2026-08-01,12,54.77,40.18,69.59,9.43,high
Maize,Meru,Eastern,Retail,prophet,2026-09-01,12,54.59,40.36,69.61,9.43,high
Maize,Meru,Eastern,Retail,prophet,2026-10-01,12,56.95,42.5,71.98,9.43,high
Maize,Meru,Eastern,Retail,prophet,2026-11-01,12,54.71,40.04,69.78,9.43,high
Maize,Meru,Eastern,Retail,prophet,2026-12-01,12,54.74,40.46,70.06,9.43,high
Maize,Meru,Eastern,Retail,prophet,2027-01-01,12,57.87,43.67,73.18,9.43,high
Maize,Meru,Eastern,Retail,prophet,2027-02-01,12,55.29,40.84,69.88,9.43,high
Maize,Meru,Eastern,Retail,prophet,2027-03-01,12,57.35,42.59,72.25,9.43,high
Maize,Meru,Eastern,Retail,prophet,2027-04-01,12,60.26,45.46,75.31,9.43,high
Maize,Meru,Eastern,Retail,prophet,2027-05-01,12,59.16,44.72,73.38,9.43,high
Maize,Makueni,Eastern,Retail,sarima,2026-06-01,3,58.05,51.6,64.49,2.19,high
Maize,Makueni,Eastern,Retail,sarima,2026-07-01,3,57.6,47.49,67.7,2.19,high
Maize,Makueni,Eastern,Retail,sarima,2026-08-01,3,58.39,45.08,71.7,2.19,high
Maize,Makueni,Eastern,Retail,sarima,2026-06-01,6,58.05,51.6,64.49,2.19,high
Maize,Makueni,Eastern,Retail,sarima,2026-07-01,6,57.6,47.49,67.7,2.19,high
Maize,Makueni,Eastern,Retail,sarima,2026-08-01,6,58.39,45.08,71.7,2.19,high
Maize,Makueni,Eastern,Retail,sarima,2026-09-01,6,58.49,42.61,74.37,2.19,high
Maize,Makueni,Eastern,Retail,sarima,2026-10-01,6,58.61,40.53,76.7,2.19,high
Maize,Makueni,Eastern,Retail,sarima,2026-11-01,6,59.15,39.09,79.2,2.19,high
Maize,Makueni,Eastern,Retail,sarima,2026-06-01,12,58.05,51.6,64.49,2.19,high
Maize,Makueni,Eastern,Retail,sarima,2026-07-01,12,57.6,47.49,67.7,2.19,high
Maize,Makueni,Eastern,Retail,sarima,2026-08-01,12,58.39,45.08,71.7,2.19,high
Maize,Makueni,Eastern,Retail,sarima,2026-09-01,12,58.49,42.61,74.37,2.19,high
Maize,Makueni,Eastern,Retail,sarima,2026-10-01,12,58.61,40.53,76.7,2.19,high
Maize,Makueni,Eastern,Retail,sarima,2026-11-01,12,59.15,39.09,79.2,2.19,high
Maize,Makueni,Eastern,Retail,sarima,2026-12-01,12,58.03,36.19,79.88,2.19,high
Maize,Makueni,Eastern,Retail,sarima,2027-01-01,12,59.94,36.44,83.43,2.19,high
Maize,Makueni,Eastern,Retail,sarima,2027-02-01,12,59.83,34.79,84.87,2.19,high
Maize,Makueni,Eastern,Retail,sarima,2027-03-01,12,59.7,33.21,86.19,2.19,high
Maize,Makueni,Eastern,Retail,sarima,2027-04-01,12,60.12,32.25,87.99,2.19,high
Maize,Makueni,Eastern,Retail,sarima,2027-05-01,12,59.05,29.87,88.23,2.19,high
Maize,Wajir,North Eastern,Retail,sarima,2026-06-01,3,96.95,86.36,107.54,6.28,high
Maize,Wajir,North Eastern,Retail,sarima,2026-07-01,3,95.8,80.11,111.5,6.28,high
Maize,Wajir,North Eastern,Retail,sarima,2026-08-01,3,94.81,76.05,113.56,6.28,high
Maize,Wajir,North Eastern,Retail,sarima,2026-06-01,6,96.95,86.36,107.54,6.28,high
Maize,Wajir,North Eastern,Retail,sarima,2026-07-01,6,95.8,80.11,111.5,6.28,high
Maize,Wajir,North Eastern,Retail,sarima,2026-08-01,6,94.81,76.05,113.56,6.28,high
Maize,Wajir,North Eastern,Retail,sarima,2026-09-01,6,97.73,76.6,118.86,6.28,high
Maize,Wajir,North Eastern,Retail,sarima,2026-10-01,6,96.16,72.32,120.0,6.28,high
Maize,Wajir,North Eastern,Retail,sarima,2026-11-01,6,96.98,70.65,123.31,6.28,high
Maize,Wajir,North Eastern,Retail,sarima,2026-06-01,12,96.95,86.36,107.54,6.28,high
Maize,Wajir,North Eastern,Retail,sarima,2026-07-01,12,95.8,80.11,111.5,6.28,high
Maize,Wajir,North Eastern,Retail,sarima,2026-08-01,12,94.81,76.05,113.56,6.28,high
Maize,Wajir,North Eastern,Retail,sarima,2026-09-01,12,97.73,76.6,118.86,6.28,high
Maize,Wajir,North Eastern,Retail,sarima,2026-10-01,12,96.16,72.32,120.0,6.28,high
Maize,Wajir,North Eastern,Retail,sarima,2026-11-01,12,96.98,70.65,123.31,6.28,high
Maize,Wajir,North Eastern,Retail,sarima,2026-12-01,12,96.27,68.12,124.43,6.28,high
Maize,Wajir,North Eastern,Retail,sarima,2027-01-01,12,98.87,68.95,128.79,6.28,high
Maize,Wajir,North Eastern,Retail,sarima,2027-02-01,12,96.13,64.19,128.07,6.28,high
Maize,Wajir,North Eastern,Retail,sarima,2027-03-01,12,97.18,63.47,130.88,6.28,high
Maize,Wajir,North Eastern,Retail,sarima,2027-04-01,12,99.62,64.47,134.76,6.28,high
Maize,Wajir,North Eastern,Retail,sarima,2027-05-01,12,99.45,62.77,136.13,6.28,high
Maize,Mandera,North Eastern,Retail,prophet,2026-06-01,3,101.35,95.33,106.91,12.55,medium
Maize,Mandera,North Eastern,Retail,prophet,2026-07-01,3,102.13,96.36,108.42,12.55,medium
Maize,Mandera,North Eastern,Retail,prophet,2026-08-01,3,100.52,94.32,106.69,12.55,medium
Maize,Mandera,North Eastern,Retail,prophet,2026-06-01,6,101.35,95.65,107.07,12.55,medium
Maize,Mandera,North Eastern,Retail,prophet,2026-07-01,6,102.13,96.45,108.04,12.55,medium
Maize,Mandera,North Eastern,Retail,prophet,2026-08-01,6,100.52,94.59,106.15,12.55,medium
Maize,Mandera,North Eastern,Retail,prophet,2026-09-01,6,100.35,94.65,106.02,12.55,medium
Maize,Mandera,North Eastern,Retail,prophet,2026-10-01,6,102.86,97.11,108.72,12.55,medium
Maize,Mandera,North Eastern,Retail,prophet,2026-11-01,6,102.56,96.39,108.23,12.55,medium
Maize,Mandera,North Eastern,Retail,prophet,2026-06-01,12,101.35,95.45,107.13,12.55,medium
Maize,Mandera,North Eastern,Retail,prophet,2026-07-01,12,102.13,96.61,108.27,12.55,medium
Maize,Mandera,North Eastern,Retail,prophet,2026-08-01,12,100.52,94.34,106.65,12.55,medium
Maize,Mandera,North Eastern,Retail,prophet,2026-09-01,12,100.35,94.24,106.53,12.55,medium
Maize,Mandera,North Eastern,Retail,prophet,2026-10-01,12,102.86,97.51,109.01,12.55,medium
Maize,Mandera,North Eastern,Retail,prophet,2026-11-01,12,102.56,96.18,108.41,12.55,medium
Maize,Mandera,North Eastern,Retail,prophet,2026-12-01,12,102.32,96.22,108.66,12.55,medium
Maize,Mandera,North Eastern,Retail,prophet,2027-01-01,12,103.26,97.21,109.17,12.55,medium
Maize,Mandera,North Eastern,Retail,prophet,2027-02-01,12,105.29,98.83,111.8,12.55,medium
Maize,Mandera,North Eastern,Retail,prophet,2027-03-01,12,105.26,99.22,111.37,12.55,medium
Maize,Mandera,North Eastern,Retail,prophet,2027-04-01,12,104.04,98.12,110.26,12.55,medium
Maize,Mandera,North Eastern,Retail,prophet,2027-05-01,12,104.29,98.13,110.67,12.55,medium
Maize,Marsabit,North Eastern,Retail,sarima,2026-06-01,3,69.88,63.35,76.4,5.35,high
Maize,Marsabit,North Eastern,Retail,sarima,2026-07-01,3,70.31,61.27,79.35,5.35,high
Maize,Marsabit,North Eastern,Retail,sarima,2026-08-01,3,69.72,58.7,80.73,5.35,high
Maize,Marsabit,North Eastern,Retail,sarima,2026-06-01,6,69.88,63.35,76.4,5.35,high
Maize,Marsabit,North Eastern,Retail,sarima,2026-07-01,6,70.31,61.27,79.35,5.35,high
Maize,Marsabit,North Eastern,Retail,sarima,2026-08-01,6,69.72,58.7,80.73,5.35,high
Maize,Marsabit,North Eastern,Retail,sarima,2026-09-01,6,69.48,56.79,82.16,5.35,high
Maize,Marsabit,North Eastern,Retail,sarima,2026-10-01,6,69.98,55.83,84.14,5.35,high
Maize,Marsabit,North Eastern,Retail,sarima,2026-11-01,6,70.3,54.81,85.78,5.35,high
Maize,Marsabit,North Eastern,Retail,sarima,2026-06-01,12,69.88,63.35,76.4,5.35,high
Maize,Marsabit,North Eastern,Retail,sarima,2026-07-01,12,70.31,61.27,79.35,5.35,high
Maize,Marsabit,North Eastern,Retail,sarima,2026-08-01,12,69.72,58.7,80.73,5.35,high
Maize,Marsabit,North Eastern,Retail,sarima,2026-09-01,12,69.48,56.79,82.16,5.35,high
Maize,Marsabit,North Eastern,Retail,sarima,2026-10-01,12,69.98,55.83,84.14,5.35,high
Maize,Marsabit,North Eastern,Retail,sarima,2026-11-01,12,70.3,54.81,85.78,5.35,high
Maize,Marsabit,North Eastern,Retail,sarima,2026-12-01,12,70.48,53.77,87.2,5.35,high
Maize,Marsabit,North Eastern,Retail,sarima,2027-01-01,12,71.57,53.72,89.43,5.35,high
Maize,Marsabit,North Eastern,Retail,sarima,2027-02-01,12,71.58,52.65,90.51,5.35,high
Maize,Marsabit,North Eastern,Retail,sarima,2027-03-01,12,71.4,51.45,91.35,5.35,high
Maize,Marsabit,North Eastern,Retail,sarima,2027-04-01,12,71.75,50.83,92.66,5.35,high
Maize,Marsabit,North Eastern,Retail,sarima,2027-05-01,12,72.31,50.47,94.15,5.35,high
Maize,Isiolo,Eastern,Retail,sarima,2026-06-01,3,75.44,68.5,82.38,6.34,high
Maize,Isiolo,Eastern,Retail,sarima,2026-07-01,3,73.58,62.65,84.51,6.34,high
Maize,Isiolo,Eastern,Retail,sarima,2026-08-01,3,70.58,56.37,84.8,6.34,high
Maize,Isiolo,Eastern,Retail,sarima,2026-06-01,6,75.44,68.5,82.38,6.34,high
Maize,Isiolo,Eastern,Retail,sarima,2026-07-01,6,73.58,62.65,84.51,6.34,high
Maize,Isiolo,Eastern,Retail,sarima,2026-08-01,6,70.58,56.37,84.8,6.34,high
Maize,Isiolo,Eastern,Retail,sarima,2026-09-01,6,71.77,54.9,88.64,6.34,high
Maize,Isiolo,Eastern,Retail,sarima,2026-10-01,6,71.37,52.21,90.53,6.34,high
Maize,Isiolo,Eastern,Retail,sarima,2026-11-01,6,72.9,51.69,94.11,6.34,high
Maize,Isiolo,Eastern,Retail,sarima,2026-06-01,12,75.44,68.5,82.38,6.34,high
Maize,Isiolo,Eastern,Retail,sarima,2026-07-01,12,73.58,62.65,84.51,6.34,high
Maize,Isiolo,Eastern,Retail,sarima,2026-08-01,12,70.58,56.37,84.8,6.34,high
Maize,Isiolo,Eastern,Retail,sarima,2026-09-01,12,71.77,54.9,88.64,6.34,high
Maize,Isiolo,Eastern,Retail,sarima,2026-10-01,12,71.37,52.21,90.53,6.34,high
Maize,Isiolo,Eastern,Retail,sarima,2026-11-01,12,72.9,51.69,94.11,6.34,high
Maize,Isiolo,Eastern,Retail,sarima,2026-12-01,12,75.39,52.32,98.47,6.34,high
Maize,Isiolo,Eastern,Retail,sarima,2027-01-01,12,78.13,53.33,102.93,6.34,high
Maize,Isiolo,Eastern,Retail,sarima,2027-02-01,12,74.42,48.01,100.84,6.34,high
Maize,Isiolo,Eastern,Retail,sarima,2027-03-01,12,74.15,46.22,102.08,6.34,high
Maize,Isiolo,Eastern,Retail,sarima,2027-04-01,12,75.97,46.6,105.34,6.34,high
Maize,Isiolo,Eastern,Retail,sarima,2027-05-01,12,76.85,46.11,107.6,6.34,high
Beans,Nairobi,Nairobi,Wholesale,chronos,2021-12-01,3,63.85,57.97,69.73,10.78,medium
Beans,Nairobi,Nairobi,Wholesale,chronos,2022-01-01,3,62.84,55.5,71.39,10.78,medium
Beans,Nairobi,Nairobi,Wholesale,chronos,2022-02-01,3,63.85,53.07,70.17,10.78,medium
Beans,Nairobi,Nairobi,Wholesale,chronos,2021-12-01,6,64.86,58.74,69.73,10.78,medium
Beans,Nairobi,Nairobi,Wholesale,chronos,2022-01-01,6,62.03,54.69,70.58,10.78,medium
Beans,Nairobi,Nairobi,Wholesale,chronos,2022-02-01,6,61.62,52.3,70.34,10.78,medium
Beans,Nairobi,Nairobi,Wholesale,chronos,2022-03-01,6,60.2,52.94,71.39,10.78,medium
Beans,Nairobi,Nairobi,Wholesale,chronos,2022-04-01,6,59.59,51.85,70.17,10.78,medium
Beans,Nairobi,Nairobi,Wholesale,chronos,2022-05-01,6,59.19,52.62,71.39,10.78,medium
Beans,Nairobi,Nairobi,Wholesale,chronos,2021-12-01,12,64.86,60.0,70.54,10.78,medium
Beans,Nairobi,Nairobi,Wholesale,chronos,2022-01-01,12,62.84,55.05,70.58,10.78,medium
Beans,Nairobi,Nairobi,Wholesale,chronos,2022-02-01,12,62.43,53.11,69.73,10.78,medium
Beans,Nairobi,Nairobi,Wholesale,chronos,2022-03-01,12,61.82,54.28,70.54,10.78,medium
Beans,Nairobi,Nairobi,Wholesale,chronos,2022-04-01,12,62.03,53.92,70.17,10.78,medium
Beans,Nairobi,Nairobi,Wholesale,chronos,2022-05-01,12,61.22,52.22,68.51,10.78,medium
Beans,Nairobi,Nairobi,Wholesale,chronos,2022-06-01,12,57.16,50.27,67.78,10.78,medium
Beans,Nairobi,Nairobi,Wholesale,chronos,2022-07-01,12,54.32,46.58,65.07,10.78,medium
Beans,Nairobi,Nairobi,Wholesale,chronos,2022-08-01,12,53.72,44.59,62.59,10.78,medium
Beans,Nairobi,Nairobi,Wholesale,chronos,2022-09-01,12,54.12,44.47,63.28,10.78,medium
Beans,Nairobi,Nairobi,Wholesale,chronos,2022-10-01,12,55.94,44.15,65.67,10.78,medium
Beans,Nairobi,Nairobi,Wholesale,chronos,2022-11-01,12,56.35,45.0,66.16,10.78,medium
Beans,Nakuru,Rift Valley,Wholesale,prophet,2021-03-01,3,55.54,47.66,63.49,15.09,medium
Beans,Nakuru,Rift Valley,Wholesale,prophet,2021-04-01,3,58.0,49.92,65.81,15.09,medium
Beans,Nakuru,Rift Valley,Wholesale,prophet,2021-05-01,3,57.76,49.79,65.92,15.09,medium
Beans,Nakuru,Rift Valley,Wholesale,prophet,2021-03-01,6,55.54,48.21,63.29,15.09,medium
Beans,Nakuru,Rift Valley,Wholesale,prophet,2021-04-01,6,58.0,50.27,65.5,15.09,medium
Beans,Nakuru,Rift Valley,Wholesale,prophet,2021-05-01,6,57.76,49.82,65.77,15.09,medium
Beans,Nakuru,Rift Valley,Wholesale,prophet,2021-06-01,6,56.74,49.26,64.77,15.09,medium
Beans,Nakuru,Rift Valley,Wholesale,prophet,2021-07-01,6,56.0,48.39,63.6,15.09,medium
Beans,Nakuru,Rift Valley,Wholesale,prophet,2021-08-01,6,60.0,52.08,67.98,15.09,medium
Beans,Nakuru,Rift Valley,Wholesale,prophet,2021-03-01,12,55.54,47.36,63.42,15.09,medium
Beans,Nakuru,Rift Valley,Wholesale,prophet,2021-04-01,12,58.0,49.79,66.02,15.09,medium
Beans,Nakuru,Rift Valley,Wholesale,prophet,2021-05-01,12,57.76,49.64,65.71,15.09,medium
Beans,Nakuru,Rift Valley,Wholesale,prophet,2021-06-01,12,56.74,48.2,64.89,15.09,medium
Beans,Nakuru,Rift Valley,Wholesale,prophet,2021-07-01,12,56.0,47.83,64.03,15.09,medium
Beans,Nakuru,Rift Valley,Wholesale,prophet,2021-08-01,12,60.0,52.07,68.0,15.09,medium
Beans,Nakuru,Rift Valley,Wholesale,prophet,2021-09-01,12,59.23,50.94,67.04,15.09,medium
Beans,Nakuru,Rift Valley,Wholesale,prophet,2021-10-01,12,62.52,54.4,70.36,15.09,medium
Beans,Nakuru,Rift Valley,Wholesale,prophet,2021-11-01,12,56.58,48.24,64.46,15.09,medium
Beans,Nakuru,Rift Valley,Wholesale,prophet,2021-12-01,12,53.1,45.94,60.82,15.09,medium
Beans,Nakuru,Rift Valley,Wholesale,prophet,2022-01-01,12,52.7,45.71,60.52,15.09,medium
Beans,Nakuru,Rift Valley,Wholesale,prophet,2022-02-01,12,53.49,45.28,61.69,15.09,medium
Beans,Kisumu,Nyanza,Wholesale,prophet,2019-08-01,3,60.83,49.46,71.4,9.13,high
Beans,Kisumu,Nyanza,Wholesale,prophet,2019-09-01,3,61.64,50.62,72.6,9.13,high
Beans,Kisumu,Nyanza,Wholesale,prophet,2019-10-01,3,61.41,50.23,71.73,9.13,high
Beans,Kisumu,Nyanza,Wholesale,prophet,2019-08-01,6,60.83,49.46,72.09,9.13,high
Beans,Kisumu,Nyanza,Wholesale,prophet,2019-09-01,6,61.64,51.02,72.4,9.13,high
Beans,Kisumu,Nyanza,Wholesale,prophet,2019-10-01,6,61.41,50.57,71.41,9.13,high
Beans,Kisumu,Nyanza,Wholesale,prophet,2019-11-01,6,61.85,51.38,73.04,9.13,high
Beans,Kisumu,Nyanza,Wholesale,prophet,2019-12-01,6,62.29,51.99,72.52,9.13,high
Beans,Kisumu,Nyanza,Wholesale,prophet,2020-01-01,6,63.1,51.77,73.76,9.13,high
Beans,Kisumu,Nyanza,Wholesale,prophet,2019-08-01,12,60.83,50.65,71.53,9.13,high
Beans,Kisumu,Nyanza,Wholesale,prophet,2019-09-01,12,61.64,51.31,72.29,9.13,high
Beans,Kisumu,Nyanza,Wholesale,prophet,2019-10-01,12,61.41,50.25,71.7,9.13,high
Beans,Kisumu,Nyanza,Wholesale,prophet,2019-11-01,12,61.85,51.07,73.14,9.13,high
Beans,Kisumu,Nyanza,Wholesale,prophet,2019-12-01,12,62.29,51.41,72.98,9.13,high
Beans,Kisumu,Nyanza,Wholesale,prophet,2020-01-01,12,63.1,52.39,73.94,9.13,high
Beans,Kisumu,Nyanza,Wholesale,prophet,2020-02-01,12,62.03,51.02,73.55,9.13,high
Beans,Kisumu,Nyanza,Wholesale,prophet,2020-03-01,12,63.47,52.48,74.03,9.13,high
Beans,Kisumu,Nyanza,Wholesale,prophet,2020-04-01,12,65.98,54.58,77.13,9.13,high
Beans,Kisumu,Nyanza,Wholesale,prophet,2020-05-01,12,65.52,54.8,76.12,9.13,high
Beans,Kisumu,Nyanza,Wholesale,prophet,2020-06-01,12,62.2,51.05,72.01,9.13,high
Beans,Kisumu,Nyanza,Wholesale,prophet,2020-07-01,12,59.78,49.15,70.01,9.13,high
Beans,Eldoret,Rift Valley,Wholesale,chronos,2019-08-01,3,90.32,81.83,98.81,12.25,medium
Beans,Eldoret,Rift Valley,Wholesale,chronos,2019-09-01,3,86.35,75.43,99.25,12.25,medium
Beans,Eldoret,Rift Valley,Wholesale,chronos,2019-10-01,3,86.35,72.46,97.77,12.25,medium
Beans,Eldoret,Rift Valley,Wholesale,chronos,2019-08-01,6,90.57,81.83,96.28,12.25,medium
Beans,Eldoret,Rift Valley,Wholesale,chronos,2019-09-01,6,87.59,75.43,99.25,12.25,medium
Beans,Eldoret,Rift Valley,Wholesale,chronos,2019-10-01,6,84.12,72.41,99.4,12.25,medium
Beans,Eldoret,Rift Valley,Wholesale,chronos,2019-11-01,6,82.63,70.97,96.87,12.25,medium
Beans,Eldoret,Rift Valley,Wholesale,chronos,2019-12-01,6,81.64,67.94,96.97,12.25,medium
Beans,Eldoret,Rift Valley,Wholesale,chronos,2020-01-01,6,81.39,68.93,98.26,12.25,medium
Beans,Eldoret,Rift Valley,Wholesale,chronos,2019-08-01,12,91.31,83.87,98.26,12.25,medium
Beans,Eldoret,Rift Valley,Wholesale,chronos,2019-09-01,12,88.34,75.38,99.25,12.25,medium
Beans,Eldoret,Rift Valley,Wholesale,chronos,2019-10-01,12,86.35,72.95,99.75,12.25,medium
Beans,Eldoret,Rift Valley,Wholesale,chronos,2019-11-01,12,82.38,69.92,96.97,12.25,medium
Beans,Eldoret,Rift Valley,Wholesale,chronos,2019-12-01,12,82.88,69.48,97.32,12.25,medium
Beans,Eldoret,Rift Valley,Wholesale,chronos,2020-01-01,12,80.89,69.92,98.86,12.25,medium
Beans,Eldoret,Rift Valley,Wholesale,chronos,2020-02-01,12,79.65,68.73,99.3,12.25,medium
Beans,Eldoret,Rift Valley,Wholesale,chronos,2020-03-01,12,81.14,67.99,96.38,12.25,medium
Beans,Eldoret,Rift Valley,Wholesale,chronos,2020-04-01,12,80.89,67.94,98.31,12.25,medium
Beans,Eldoret,Rift Valley,Wholesale,chronos,2020-05-01,12,78.66,67.44,95.43,12.25,medium
Beans,Eldoret,Rift Valley,Wholesale,chronos,2020-06-01,12,74.94,62.43,93.3,12.25,medium
Beans,Eldoret,Rift Valley,Wholesale,chronos,2020-07-01,12,69.23,55.04,86.75,12.25,medium
Beans (dry),Nairobi,Nairobi,Wholesale,chronos,2020-04-01,3,93.13,87.36,99.76,20.69,low
Beans (dry),Nairobi,Nairobi,Wholesale,chronos,2020-05-01,3,93.35,85.53,103.01,20.69,low
Beans (dry),Nairobi,Nairobi,Wholesale,chronos,2020-06-01,3,93.35,84.57,103.88,20.69,low
Beans (dry),Nairobi,Nairobi,Wholesale,chronos,2020-04-01,6,92.9,86.49,98.43,20.69,low
Beans (dry),Nairobi,Nairobi,Wholesale,chronos,2020-05-01,6,93.35,84.16,103.97,20.69,low
Beans (dry),Nairobi,Nairobi,Wholesale,chronos,2020-06-01,6,91.98,81.87,103.47,20.69,low
Beans (dry),Nairobi,Nairobi,Wholesale,chronos,2020-07-01,6,88.78,76.88,102.55,20.69,low
Beans (dry),Nairobi,Nairobi,Wholesale,chronos,2020-08-01,6,86.72,72.76,102.05,20.69,low
Beans (dry),Nairobi,Nairobi,Wholesale,chronos,2020-09-01,6,86.26,69.56,102.05,20.69,low
Beans (dry),Nairobi,Nairobi,Wholesale,chronos,2020-04-01,12,92.9,86.44,99.3,20.69,low
Beans (dry),Nairobi,Nairobi,Wholesale,chronos,2020-05-01,12,92.9,85.03,102.6,20.69,low
Beans (dry),Nairobi,Nairobi,Wholesale,chronos,2020-06-01,12,91.75,82.33,104.93,20.69,low
Beans (dry),Nairobi,Nairobi,Wholesale,chronos,2020-07-01,12,88.09,78.25,102.6,20.69,low
Beans (dry),Nairobi,Nairobi,Wholesale,chronos,2020-08-01,12,86.95,72.3,99.81,20.69,low
Beans (dry),Nairobi,Nairobi,Wholesale,chronos,2020-09-01,12,85.35,70.43,95.37,20.69,low
Beans (dry),Nairobi,Nairobi,Wholesale,chronos,2020-10-01,12,83.52,69.05,93.81,20.69,low
Beans (dry),Nairobi,Nairobi,Wholesale,chronos,2020-11-01,12,82.14,66.72,94.5,20.69,low
Beans (dry),Nairobi,Nairobi,Wholesale,chronos,2020-12-01,12,82.6,65.44,95.32,20.69,low
Beans (dry),Nairobi,Nairobi,Wholesale,chronos,2021-01-01,12,81.46,65.39,94.32,20.69,low
Beans (dry),Nairobi,Nairobi,Wholesale,chronos,2021-02-01,12,80.77,64.52,95.69,20.69,low
Beans (dry),Nairobi,Nairobi,Wholesale,chronos,2021-03-01,12,81.46,66.31,96.28,20.69,low
Beans (dry),Nakuru,Rift Valley,Retail,chronos,2026-07-01,3,137.84,132.94,144.49,3.31,high
Beans (dry),Nakuru,Rift Valley,Retail,chronos,2026-08-01,3,137.84,130.52,144.49,3.31,high
Beans (dry),Nakuru,Rift Valley,Retail,chronos,2026-09-01,3,137.84,127.56,145.09,3.31,high
Beans (dry),Nakuru,Rift Valley,Retail,chronos,2026-07-01,6,138.44,134.82,144.0,3.31,high
Beans (dry),Nakuru,Rift Valley,Retail,chronos,2026-08-01,6,137.84,131.79,143.88,3.31,high
Beans (dry),Nakuru,Rift Valley,Retail,chronos,2026-09-01,6,137.54,129.92,142.73,3.31,high
Beans (dry),Nakuru,Rift Valley,Retail,chronos,2026-10-01,6,137.23,128.77,146.36,3.31,high
Beans (dry),Nakuru,Rift Valley,Retail,chronos,2026-11-01,6,137.23,128.77,145.7,3.31,high
Beans (dry),Nakuru,Rift Valley,Retail,chronos,2026-12-01,6,136.63,126.84,145.15,3.31,high
Beans (dry),Nakuru,Rift Valley,Retail,chronos,2026-07-01,12,137.84,129.98,145.09,3.31,high
Beans (dry),Nakuru,Rift Valley,Retail,chronos,2026-08-01,12,136.63,128.71,142.07,3.31,high
Beans (dry),Nakuru,Rift Valley,Retail,chronos,2026-09-01,12,136.02,126.29,143.88,3.31,high
Beans (dry),Nakuru,Rift Valley,Retail,chronos,2026-10-01,12,135.42,123.33,144.0,3.31,high
Beans (dry),Nakuru,Rift Valley,Retail,chronos,2026-11-01,12,134.82,123.27,145.7,3.31,high
Beans (dry),Nakuru,Rift Valley,Retail,chronos,2026-12-01,12,135.42,120.85,146.97,3.31,high
Beans (dry),Nakuru,Rift Valley,Retail,chronos,2027-01-01,12,134.82,121.27,146.3,3.31,high
Beans (dry),Nakuru,Rift Valley,Retail,chronos,2027-02-01,12,134.82,117.83,146.3,3.31,high
Beans (dry),Nakuru,Rift Valley,Retail,chronos,2027-03-01,12,135.42,121.45,147.57,3.31,high
Beans (dry),Nakuru,Rift Valley,Retail,chronos,2027-04-01,12,135.12,120.25,149.93,3.31,high
Beans (dry),Nakuru,Rift Valley,Retail,chronos,2027-05-01,12,136.02,119.7,148.12,3.31,high
Beans (dry),Nakuru,Rift Valley,Retail,chronos,2027-06-01,12,134.82,117.04,148.78,3.31,high
Beans (dry),Kisumu,Nyanza,Wholesale,prophet,2019-11-01,3,92.28,78.13,105.24,13.54,medium
Beans (dry),Kisumu,Nyanza,Wholesale,prophet,2019-12-01,3,90.9,77.59,103.99,13.54,medium
Beans (dry),Kisumu,Nyanza,Wholesale,prophet,2020-01-01,3,92.89,80.69,106.71,13.54,medium
Beans (dry),Kisumu,Nyanza,Wholesale,prophet,2019-11-01,6,92.28,79.29,104.55,13.54,medium
Beans (dry),Kisumu,Nyanza,Wholesale,prophet,2019-12-01,6,90.9,77.78,103.85,13.54,medium
Beans (dry),Kisumu,Nyanza,Wholesale,prophet,2020-01-01,6,92.89,79.46,105.37,13.54,medium
Beans (dry),Kisumu,Nyanza,Wholesale,prophet,2020-02-01,6,91.92,78.11,104.71,13.54,medium
Beans (dry),Kisumu,Nyanza,Wholesale,prophet,2020-03-01,6,94.17,81.79,107.04,13.54,medium
Beans (dry),Kisumu,Nyanza,Wholesale,prophet,2020-04-01,6,94.41,80.84,108.31,13.54,medium
Beans (dry),Kisumu,Nyanza,Wholesale,prophet,2019-11-01,12,92.28,79.35,105.01,13.54,medium
Beans (dry),Kisumu,Nyanza,Wholesale,prophet,2019-12-01,12,90.9,78.48,104.42,13.54,medium
Beans (dry),Kisumu,Nyanza,Wholesale,prophet,2020-01-01,12,92.89,79.78,105.78,13.54,medium
Beans (dry),Kisumu,Nyanza,Wholesale,prophet,2020-02-01,12,91.92,78.91,105.41,13.54,medium
Beans (dry),Kisumu,Nyanza,Wholesale,prophet,2020-03-01,12,94.17,79.89,106.93,13.54,medium
Beans (dry),Kisumu,Nyanza,Wholesale,prophet,2020-04-01,12,94.41,81.21,105.54,13.54,medium
Beans (dry),Kisumu,Nyanza,Wholesale,prophet,2020-05-01,12,98.03,84.35,110.38,13.54,medium
Beans (dry),Kisumu,Nyanza,Wholesale,prophet,2020-06-01,12,101.47,89.32,114.21,13.54,medium
Beans (dry),Kisumu,Nyanza,Wholesale,prophet,2020-07-01,12,99.28,86.5,111.62,13.54,medium
Beans (dry),Kisumu,Nyanza,Wholesale,prophet,2020-08-01,12,99.6,86.56,112.57,13.54,medium
Beans (dry),Kisumu,Nyanza,Wholesale,prophet,2020-09-01,12,97.25,83.94,110.05,13.54,medium
Beans (dry),Kisumu,Nyanza,Wholesale,prophet,2020-10-01,12,98.06,85.35,110.94,13.54,medium
Beans (dry),Kitui,Eastern,Retail,sarima,2021-01-01,3,95.58,84.46,106.71,4.57,high
Beans (dry),Kitui,Eastern,Retail,sarima,2021-02-01,3,93.01,78.9,107.13,4.57,high
Beans (dry),Kitui,Eastern,Retail,sarima,2021-03-01,3,91.11,74.46,107.75,4.57,high
Beans (dry),Kitui,Eastern,Retail,sarima,2021-01-01,6,95.58,84.46,106.71,4.57,high
Beans (dry),Kitui,Eastern,Retail,sarima,2021-02-01,6,93.01,78.9,107.13,4.57,high
Beans (dry),Kitui,Eastern,Retail,sarima,2021-03-01,6,91.11,74.46,107.75,4.57,high
Beans (dry),Kitui,Eastern,Retail,sarima,2021-04-01,6,91.75,72.91,110.59,4.57,high
Beans (dry),Kitui,Eastern,Retail,sarima,2021-05-01,6,94.75,73.95,115.55,4.57,high
Beans (dry),Kitui,Eastern,Retail,sarima,2021-06-01,6,96.96,74.37,119.56,4.57,high
Beans (dry),Kitui,Eastern,Retail,sarima,2021-01-01,12,95.58,84.46,106.71,4.57,high
Beans (dry),Kitui,Eastern,Retail,sarima,2021-02-01,12,93.01,78.9,107.13,4.57,high
Beans (dry),Kitui,Eastern,Retail,sarima,2021-03-01,12,91.11,74.46,107.75,4.57,high
Beans (dry),Kitui,Eastern,Retail,sarima,2021-04-01,12,91.75,72.91,110.59,4.57,high
Beans (dry),Kitui,Eastern,Retail,sarima,2021-05-01,12,94.75,73.95,115.55,4.57,high
Beans (dry),Kitui,Eastern,Retail,sarima,2021-06-01,12,96.96,74.37,119.56,4.57,high
Beans (dry),Kitui,Eastern,Retail,sarima,2021-07-01,12,95.08,70.82,119.33,4.57,high
Beans (dry),Kitui,Eastern,Retail,sarima,2021-08-01,12,96.65,70.85,122.45,4.57,high
Beans (dry),Kitui,Eastern,Retail,sarima,2021-09-01,12,97.74,70.48,125.0,4.57,high
Beans (dry),Kitui,Eastern,Retail,sarima,2021-10-01,12,95.52,66.87,124.16,4.57,high
Beans (dry),Kitui,Eastern,Retail,sarima,2021-11-01,12,95.26,65.29,125.23,4.57,high
Beans (dry),Kitui,Eastern,Retail,sarima,2021-12-01,12,97.18,65.95,128.41,4.57,high
Beans (dry),Eldoret,Rift Valley,Wholesale,chronos,2020-04-01,3,109.36,100.44,114.76,6.67,high
Beans (dry),Eldoret,Rift Valley,Wholesale,chronos,2020-05-01,3,107.07,92.23,116.29,6.67,high
Beans (dry),Eldoret,Rift Valley,Wholesale,chronos,2020-06-01,3,102.22,88.2,114.31,6.67,high
Beans (dry),Eldoret,Rift Valley,Wholesale,chronos,2020-04-01,6,108.09,100.9,114.71,6.67,high
Beans (dry),Eldoret,Rift Valley,Wholesale,chronos,2020-05-01,6,105.03,92.28,115.27,6.67,high
Beans (dry),Eldoret,Rift Valley,Wholesale,chronos,2020-06-01,6,101.46,88.61,113.24,6.67,high
Beans (dry),Eldoret,Rift Valley,Wholesale,chronos,2020-07-01,6,98.91,82.03,111.25,6.67,high
Beans (dry),Eldoret,Rift Valley,Wholesale,chronos,2020-08-01,6,91.77,77.9,110.13,6.67,high
Beans (dry),Eldoret,Rift Valley,Wholesale,chronos,2020-09-01,6,90.24,75.41,107.63,6.67,high
Beans (dry),Eldoret,Rift Valley,Wholesale,chronos,2020-04-01,12,110.13,101.41,114.76,6.67,high
Beans (dry),Eldoret,Rift Valley,Wholesale,chronos,2020-05-01,12,105.79,93.66,115.78,6.67,high
Beans (dry),Eldoret,Rift Valley,Wholesale,chronos,2020-06-01,12,103.5,87.08,115.27,6.67,high
Beans (dry),Eldoret,Rift Valley,Wholesale,chronos,2020-07-01,12,99.67,81.98,110.18,6.67,high
Beans (dry),Eldoret,Rift Valley,Wholesale,chronos,2020-08-01,12,93.81,79.89,110.13,6.67,high
Beans (dry),Eldoret,Rift Valley,Wholesale,chronos,2020-09-01,12,90.75,76.93,107.63,6.67,high
Beans (dry),Eldoret,Rift Valley,Wholesale,chronos,2020-10-01,12,90.75,75.81,107.63,6.67,high
Beans (dry),Eldoret,Rift Valley,Wholesale,chronos,2020-11-01,12,88.97,74.84,108.09,6.67,high
Beans (dry),Eldoret,Rift Valley,Wholesale,chronos,2020-12-01,12,92.79,75.46,109.62,6.67,high
Beans (dry),Eldoret,Rift Valley,Wholesale,chronos,2021-01-01,12,95.59,76.73,111.2,6.67,high
Beans (dry),Eldoret,Rift Valley,Wholesale,chronos,2021-02-01,12,98.91,78.97,114.76,6.67,high
Beans (dry),Eldoret,Rift Valley,Wholesale,chronos,2021-03-01,12,101.71,77.95,116.91,6.67,high
Beans (mixed),Kitui,Eastern,Retail,sarima,2026-06-01,3,129.46,117.09,141.83,9.91,high
Beans (mixed),Kitui,Eastern,Retail,sarima,2026-07-01,3,126.19,109.75,142.63,9.91,high
Beans (mixed),Kitui,Eastern,Retail,sarima,2026-08-01,3,127.12,106.29,147.95,9.91,high
Beans (mixed),Kitui,Eastern,Retail,sarima,2026-06-01,6,129.46,117.09,141.83,9.91,high
Beans (mixed),Kitui,Eastern,Retail,sarima,2026-07-01,6,126.19,109.75,142.63,9.91,high
Beans (mixed),Kitui,Eastern,Retail,sarima,2026-08-01,6,127.12,106.29,147.95,9.91,high
Beans (mixed),Kitui,Eastern,Retail,sarima,2026-09-01,6,130.45,106.01,154.9,9.91,high
Beans (mixed),Kitui,Eastern,Retail,sarima,2026-10-01,6,133.15,105.57,160.74,9.91,high
Beans (mixed),Kitui,Eastern,Retail,sarima,2026-11-01,6,135.03,104.63,165.43,9.91,high
Beans (mixed),Kitui,Eastern,Retail,sarima,2026-06-01,12,129.46,117.09,141.83,9.91,high
Beans (mixed),Kitui,Eastern,Retail,sarima,2026-07-01,12,126.19,109.75,142.63,9.91,high
Beans (mixed),Kitui,Eastern,Retail,sarima,2026-08-01,12,127.12,106.29,147.95,9.91,high
Beans (mixed),Kitui,Eastern,Retail,sarima,2026-09-01,12,130.45,106.01,154.9,9.91,high
Beans (mixed),Kitui,Eastern,Retail,sarima,2026-10-01,12,133.15,105.57,160.74,9.91,high
Beans (mixed),Kitui,Eastern,Retail,sarima,2026-11-01,12,135.03,104.63,165.43,9.91,high
Beans (mixed),Kitui,Eastern,Retail,sarima,2026-12-01,12,135.59,102.62,168.56,9.91,high
Beans (mixed),Kitui,Eastern,Retail,sarima,2027-01-01,12,134.72,99.36,170.07,9.91,high
Beans (mixed),Kitui,Eastern,Retail,sarima,2027-02-01,12,134.47,96.88,172.05,9.91,high
Beans (mixed),Kitui,Eastern,Retail,sarima,2027-03-01,12,134.53,94.83,174.23,9.91,high
Beans (mixed),Kitui,Eastern,Retail,sarima,2027-04-01,12,133.84,92.14,175.54,9.91,high
Beans (mixed),Kitui,Eastern,Retail,sarima,2027-05-01,12,136.4,92.79,180.01,9.91,high
Beans (mixed),Meru,Eastern,Retail,chronos,2026-06-01,3,104.55,91.95,115.83,22.57,low
Beans (mixed),Meru,Eastern,Retail,chronos,2026-07-01,3,103.66,87.74,118.33,22.57,low
Beans (mixed),Meru,Eastern,Retail,chronos,2026-08-01,3,103.36,86.01,120.11,22.57,low
Beans (mixed),Meru,Eastern,Retail,chronos,2026-06-01,6,104.84,93.26,117.02,22.57,low
Beans (mixed),Meru,Eastern,Retail,chronos,2026-07-01,6,103.66,87.91,119.99,22.57,low
Beans (mixed),Meru,Eastern,Retail,chronos,2026-08-01,6,101.87,87.91,121.89,22.57,low
Beans (mixed),Meru,Eastern,Retail,chronos,2026-09-01,6,99.79,77.1,125.34,22.57,low
Beans (mixed),Meru,Eastern,Retail,chronos,2026-10-01,6,102.47,76.92,127.83,22.57,low
Beans (mixed),Meru,Eastern,Retail,chronos,2026-11-01,6,102.76,77.22,134.37,22.57,low
Beans (mixed),Meru,Eastern,Retail,chronos,2026-06-01,12,104.84,95.04,115.83,22.57,low
Beans (mixed),Meru,Eastern,Retail,chronos,2026-07-01,12,100.69,87.08,117.08,22.57,low
Beans (mixed),Meru,Eastern,Retail,chronos,2026-08-01,12,99.5,81.97,120.05,22.57,low
Beans (mixed),Meru,Eastern,Retail,chronos,2026-09-01,12,99.79,83.16,122.13,22.57,low
Beans (mixed),Meru,Eastern,Retail,chronos,2026-10-01,12,99.79,83.04,126.05,22.57,low
Beans (mixed),Meru,Eastern,Retail,chronos,2026-11-01,12,104.55,80.07,126.58,22.57,low
Beans (mixed),Meru,Eastern,Retail,chronos,2026-12-01,12,104.55,80.79,129.14,22.57,low
Beans (mixed),Meru,Eastern,Retail,chronos,2027-01-01,12,104.84,80.73,135.44,22.57,low
Beans (mixed),Meru,Eastern,Retail,chronos,2027-02-01,12,107.81,79.0,143.16,22.57,low
Beans (mixed),Meru,Eastern,Retail,chronos,2027-03-01,12,109.0,79.66,143.22,22.57,low
Beans (mixed),Meru,Eastern,Retail,chronos,2027-04-01,12,106.92,77.1,140.96,22.57,low
Beans (mixed),Meru,Eastern,Retail,chronos,2027-05-01,12,111.67,78.71,145.0,22.57,low
Beans (mixed),Makueni,Eastern,Retail,sarima,2026-06-01,3,154.47,136.39,172.54,5.17,high
Beans (mixed),Makueni,Eastern,Retail,sarima,2026-07-01,3,150.47,126.23,174.71,5.17,high
Beans (mixed),Makueni,Eastern,Retail,sarima,2026-08-01,3,149.4,121.24,177.56,5.17,high
Beans (mixed),Makueni,Eastern,Retail,sarima,2026-06-01,6,154.47,136.39,172.54,5.17,high
Beans (mixed),Makueni,Eastern,Retail,sarima,2026-07-01,6,150.47,126.23,174.71,5.17,high
Beans (mixed),Makueni,Eastern,Retail,sarima,2026-08-01,6,149.4,121.24,177.56,5.17,high
Beans (mixed),Makueni,Eastern,Retail,sarima,2026-09-01,6,149.64,118.04,181.24,5.17,high
Beans (mixed),Makueni,Eastern,Retail,sarima,2026-10-01,6,153.05,118.35,187.74,5.17,high
Beans (mixed),Makueni,Eastern,Retail,sarima,2026-11-01,6,154.13,116.6,191.67,5.17,high
Beans (mixed),Makueni,Eastern,Retail,sarima,2026-06-01,12,154.47,136.39,172.54,5.17,high
Beans (mixed),Makueni,Eastern,Retail,sarima,2026-07-01,12,150.47,126.23,174.71,5.17,high
Beans (mixed),Makueni,Eastern,Retail,sarima,2026-08-01,12,149.4,121.24,177.56,5.17,high
Beans (mixed),Makueni,Eastern,Retail,sarima,2026-09-01,12,149.64,118.04,181.24,5.17,high
Beans (mixed),Makueni,Eastern,Retail,sarima,2026-10-01,12,153.05,118.35,187.74,5.17,high
Beans (mixed),Makueni,Eastern,Retail,sarima,2026-11-01,12,154.13,116.6,191.67,5.17,high
Beans (mixed),Makueni,Eastern,Retail,sarima,2026-12-01,12,158.62,118.44,198.8,5.17,high
Beans (mixed),Makueni,Eastern,Retail,sarima,2027-01-01,12,158.11,115.46,200.76,5.17,high
Beans (mixed),Makueni,Eastern,Retail,sarima,2027-02-01,12,156.14,111.15,201.12,5.17,high
Beans (mixed),Makueni,Eastern,Retail,sarima,2027-03-01,12,158.25,111.04,205.46,5.17,high
Beans (mixed),Makueni,Eastern,Retail,sarima,2027-04-01,12,156.84,107.51,206.17,5.17,high
Beans (mixed),Makueni,Eastern,Retail,sarima,2027-05-01,12,158.64,107.28,210.0,5.17,high
Sorghum,Nairobi,Nairobi,Wholesale,ensemble,2020-04-01,3,60.47,56.74,64.19,29.36,low
Sorghum,Nairobi,Nairobi,Wholesale,ensemble,2020-05-01,3,59.38,55.05,63.72,29.36,low
Sorghum,Nairobi,Nairobi,Wholesale,ensemble,2020-06-01,3,59.46,55.86,63.07,29.36,low
Sorghum,Nairobi,Nairobi,Wholesale,ensemble,2020-04-01,6,60.42,56.61,64.23,29.36,low
Sorghum,Nairobi,Nairobi,Wholesale,ensemble,2020-05-01,6,59.76,56.16,63.36,29.36,low
Sorghum,Nairobi,Nairobi,Wholesale,ensemble,2020-06-01,6,59.56,56.2,62.92,29.36,low
Sorghum,Nairobi,Nairobi,Wholesale,ensemble,2020-07-01,6,61.82,51.77,71.88,29.36,low
Sorghum,Nairobi,Nairobi,Wholesale,ensemble,2020-08-01,6,61.8,51.66,71.93,29.36,low
Sorghum,Nairobi,Nairobi,Wholesale,ensemble,2020-09-01,6,61.95,52.54,71.35,29.36,low
Sorghum,Nairobi,Nairobi,Wholesale,ensemble,2020-04-01,12,60.51,56.88,64.15,29.36,low
Sorghum,Nairobi,Nairobi,Wholesale,ensemble,2020-05-01,12,59.8,56.28,63.32,29.36,low
Sorghum,Nairobi,Nairobi,Wholesale,ensemble,2020-06-01,12,59.51,56.03,62.99,29.36,low
Sorghum,Nairobi,Nairobi,Wholesale,ensemble,2020-07-01,12,62.24,53.08,71.41,29.36,low
Sorghum,Nairobi,Nairobi,Wholesale,ensemble,2020-08-01,12,62.26,53.23,71.3,29.36,low
Sorghum,Nairobi,Nairobi,Wholesale,ensemble,2020-09-01,12,62.6,54.87,70.33,29.36,low
Sorghum,Nairobi,Nairobi,Wholesale,ensemble,2020-10-01,12,60.63,50.96,70.31,29.36,low
Sorghum,Nairobi,Nairobi,Wholesale,ensemble,2020-11-01,12,61.94,52.38,71.5,29.36,low
Sorghum,Nairobi,Nairobi,Wholesale,ensemble,2020-12-01,12,60.01,53.09,66.92,29.36,low
Sorghum,Nairobi,Nairobi,Wholesale,ensemble,2021-01-01,12,58.33,53.25,63.41,29.36,low
Sorghum,Nairobi,Nairobi,Wholesale,ensemble,2021-02-01,12,58.74,53.38,64.11,29.36,low
Sorghum,Nairobi,Nairobi,Wholesale,ensemble,2021-03-01,12,60.56,54.12,67.01,29.36,low
Sorghum,Kisumu,Nyanza,Wholesale,ensemble,2019-11-01,3,43.19,40.49,45.89,14.57,medium
Sorghum,Kisumu,Nyanza,Wholesale,ensemble,2019-12-01,3,42.96,39.96,45.97,14.57,medium
Sorghum,Kisumu,Nyanza,Wholesale,ensemble,2020-01-01,3,42.95,39.8,46.1,14.57,medium
Sorghum,Kisumu,Nyanza,Wholesale,ensemble,2019-11-01,6,43.19,40.49,45.89,14.57,medium
Sorghum,Kisumu,Nyanza,Wholesale,ensemble,2019-12-01,6,42.96,39.96,45.97,14.57,medium
Sorghum,Kisumu,Nyanza,Wholesale,ensemble,2020-01-01,6,42.95,39.8,46.1,14.57,medium
Sorghum,Kisumu,Nyanza,Wholesale,ensemble,2020-02-01,6,43.86,41.49,46.24,14.57,medium
Sorghum,Kisumu,Nyanza,Wholesale,ensemble,2020-03-01,6,44.52,42.15,46.89,14.57,medium
Sorghum,Kisumu,Nyanza,Wholesale,ensemble,2020-04-01,6,45.45,42.72,48.18,14.57,medium
Sorghum,Kisumu,Nyanza,Wholesale,ensemble,2019-11-01,12,43.19,40.49,45.89,14.57,medium
Sorghum,Kisumu,Nyanza,Wholesale,ensemble,2019-12-01,12,42.96,39.96,45.97,14.57,medium
Sorghum,Kisumu,Nyanza,Wholesale,ensemble,2020-01-01,12,42.95,39.8,46.1,14.57,medium
Sorghum,Kisumu,Nyanza,Wholesale,ensemble,2020-02-01,12,43.86,41.49,46.24,14.57,medium
Sorghum,Kisumu,Nyanza,Wholesale,ensemble,2020-03-01,12,44.52,42.15,46.89,14.57,medium
Sorghum,Kisumu,Nyanza,Wholesale,ensemble,2020-04-01,12,45.45,42.72,48.18,14.57,medium
Sorghum,Kisumu,Nyanza,Wholesale,ensemble,2020-05-01,12,46.18,42.84,49.53,14.57,medium
Sorghum,Kisumu,Nyanza,Wholesale,ensemble,2020-06-01,12,46.96,42.91,51.02,14.57,medium
Sorghum,Kisumu,Nyanza,Wholesale,ensemble,2020-07-01,12,45.8,42.57,49.03,14.57,medium
Sorghum,Kisumu,Nyanza,Wholesale,ensemble,2020-08-01,12,43.79,40.34,47.25,14.57,medium
Sorghum,Kisumu,Nyanza,Wholesale,ensemble,2020-09-01,12,43.56,38.22,48.9,14.57,medium
Sorghum,Kisumu,Nyanza,Wholesale,ensemble,2020-10-01,12,43.11,37.69,48.53,14.57,medium
Sorghum,Eldoret,Rift Valley,Wholesale,ensemble,2020-04-01,3,67.06,53.77,80.36,10.47,medium
Sorghum,Eldoret,Rift Valley,Wholesale,ensemble,2020-05-01,3,65.97,56.71,75.23,10.47,medium
Sorghum,Eldoret,Rift Valley,Wholesale,ensemble,2020-06-01,3,67.77,54.92,80.63,10.47,medium
Sorghum,Eldoret,Rift Valley,Wholesale,ensemble,2020-04-01,6,67.06,53.77,80.36,10.47,medium
Sorghum,Eldoret,Rift Valley,Wholesale,ensemble,2020-05-01,6,65.97,56.71,75.23,10.47,medium
Sorghum,Eldoret,Rift Valley,Wholesale,ensemble,2020-06-01,6,67.61,54.37,80.84,10.47,medium
Sorghum,Eldoret,Rift Valley,Wholesale,ensemble,2020-07-01,6,63.47,59.13,67.81,10.47,medium
Sorghum,Eldoret,Rift Valley,Wholesale,ensemble,2020-08-01,6,65.03,61.49,68.57,10.47,medium
Sorghum,Eldoret,Rift Valley,Wholesale,ensemble,2020-09-01,6,64.27,61.99,66.55,10.47,medium
Sorghum,Eldoret,Rift Valley,Wholesale,ensemble,2020-04-01,12,67.06,53.77,80.36,10.47,medium
Sorghum,Eldoret,Rift Valley,Wholesale,ensemble,2020-05-01,12,66.03,56.91,75.15,10.47,medium
Sorghum,Eldoret,Rift Valley,Wholesale,ensemble,2020-06-01,12,69.3,59.48,79.11,10.47,medium
Sorghum,Eldoret,Rift Valley,Wholesale,ensemble,2020-07-01,12,65.33,64.35,66.3,10.47,medium
Sorghum,Eldoret,Rift Valley,Wholesale,ensemble,2020-08-01,12,65.32,62.34,68.29,10.47,medium
Sorghum,Eldoret,Rift Valley,Wholesale,ensemble,2020-09-01,12,65.68,62.36,69.0,10.47,medium
Sorghum,Eldoret,Rift Valley,Wholesale,ensemble,2020-10-01,12,65.46,58.54,72.37,10.47,medium
Sorghum,Eldoret,Rift Valley,Wholesale,ensemble,2020-11-01,12,67.55,64.43,70.66,10.47,medium
Sorghum,Eldoret,Rift Valley,Wholesale,ensemble,2020-12-01,12,66.44,64.33,68.56,10.47,medium
Sorghum,Eldoret,Rift Valley,Wholesale,ensemble,2021-01-01,12,70.17,57.86,82.48,10.47,medium
Sorghum,Eldoret,Rift Valley,Wholesale,ensemble,2021-02-01,12,65.95,58.03,73.87,10.47,medium
Sorghum,Eldoret,Rift Valley,Wholesale,ensemble,2021-03-01,12,66.85,57.88,75.82,10.47,medium
Maize meal,Nairobi,Nairobi,Retail,ensemble,2026-06-01,3,84.57,83.59,85.54,7.46,high
Maize meal,Nairobi,Nairobi,Retail,ensemble,2026-07-01,3,84.86,83.75,85.98,7.46,high
Maize meal,Nairobi,Nairobi,Retail,ensemble,2026-08-01,3,86.77,82.59,90.94,7.46,high
Maize meal,Nairobi,Nairobi,Retail,ensemble,2026-06-01,6,84.57,83.59,85.54,7.46,high
Maize meal,Nairobi,Nairobi,Retail,ensemble,2026-07-01,6,84.66,83.05,86.28,7.46,high
Maize meal,Nairobi,Nairobi,Retail,ensemble,2026-08-01,6,85.97,79.79,92.15,7.46,high
Maize meal,Nairobi,Nairobi,Retail,ensemble,2026-09-01,6,83.72,80.91,86.52,7.46,high
Maize meal,Nairobi,Nairobi,Retail,ensemble,2026-10-01,6,85.2,81.21,89.2,7.46,high
Maize meal,Nairobi,Nairobi,Retail,ensemble,2026-11-01,6,83.36,76.93,89.79,7.46,high
Maize meal,Nairobi,Nairobi,Retail,ensemble,2026-06-01,12,84.57,83.59,85.54,7.46,high
Maize meal,Nairobi,Nairobi,Retail,ensemble,2026-07-01,12,84.86,83.75,85.98,7.46,high
Maize meal,Nairobi,Nairobi,Retail,ensemble,2026-08-01,12,86.63,82.14,91.13,7.46,high
Maize meal,Nairobi,Nairobi,Retail,ensemble,2026-09-01,12,84.85,83.9,85.79,7.46,high
Maize meal,Nairobi,Nairobi,Retail,ensemble,2026-10-01,12,86.0,83.81,88.19,7.46,high
Maize meal,Nairobi,Nairobi,Retail,ensemble,2026-11-01,12,84.62,81.58,87.67,7.46,high
Maize meal,Nairobi,Nairobi,Retail,ensemble,2026-12-01,12,84.88,80.66,89.1,7.46,high
Maize meal,Nairobi,Nairobi,Retail,ensemble,2027-01-01,12,86.62,76.32,96.93,7.46,high
Maize meal,Nairobi,Nairobi,Retail,ensemble,2027-02-01,12,86.02,75.56,96.48,7.46,high
Maize meal,Nairobi,Nairobi,Retail,ensemble,2027-03-01,12,85.3,75.15,95.45,7.46,high
Maize meal,Nairobi,Nairobi,Retail,ensemble,2027-04-01,12,84.66,73.99,95.32,7.46,high
Maize meal,Nairobi,Nairobi,Retail,ensemble,2027-05-01,12,84.53,73.56,95.5,7.46,high
