commodity,market,pricetype,forecast_date,horizon_months,forecast_price_kes,forecast_lower,forecast_upper,model_mape,reliable
Maize,Nairobi,Wholesale,2022-04-01,3,39.21,32.65,45.9,11.62,True
Maize,Nairobi,Wholesale,2022-05-01,3,29.9,22.64,36.92,11.62,True
Maize,Nairobi,Wholesale,2022-06-01,3,24.41,17.51,31.2,11.62,True
Maize,Nairobi,Wholesale,2022-04-01,6,39.21,31.97,46.72,11.62,True
Maize,Nairobi,Wholesale,2022-05-01,6,29.9,22.8,36.98,11.62,True
Maize,Nairobi,Wholesale,2022-06-01,6,24.41,17.68,31.04,11.62,True
Maize,Nairobi,Wholesale,2022-07-01,6,61.03,53.87,67.9,11.62,True
Maize,Nairobi,Wholesale,2022-08-01,6,32.1,25.53,39.18,11.62,True
Maize,Nairobi,Wholesale,2022-09-01,6,23.19,15.62,30.04,11.62,True
Maize,Nairobi,Wholesale,2022-04-01,12,39.21,32.11,46.36,11.62,True
Maize,Nairobi,Wholesale,2022-05-01,12,29.9,22.86,36.86,11.62,True
Maize,Nairobi,Wholesale,2022-06-01,12,24.41,17.35,31.74,11.62,True
Maize,Nairobi,Wholesale,2022-07-01,12,61.03,53.89,68.15,11.62,True
Maize,Nairobi,Wholesale,2022-08-01,12,32.1,24.97,39.16,11.62,True
Maize,Nairobi,Wholesale,2022-09-01,12,23.19,16.15,30.21,11.62,True
Maize,Nairobi,Wholesale,2022-10-01,12,29.99,23.34,36.95,11.62,True
Maize,Nairobi,Wholesale,2022-11-01,12,35.28,28.37,42.47,11.62,True
Maize,Nairobi,Wholesale,2022-12-01,12,40.89,34.21,47.82,11.62,True
Maize,Nairobi,Wholesale,2023-01-01,12,37.64,31.28,44.74,11.62,True
Maize,Nairobi,Wholesale,2023-02-01,12,22.48,15.37,29.45,11.62,True
Maize,Nairobi,Wholesale,2023-03-01,12,34.94,27.71,42.13,11.62,True
Maize,Nakuru,Wholesale,2022-05-01,3,33.48,26.59,41.0,10.26,True
Maize,Nakuru,Wholesale,2022-06-01,3,33.33,25.55,41.09,10.26,True
Maize,Nakuru,Wholesale,2022-07-01,3,33.78,26.45,40.94,10.26,True
Maize,Nakuru,Wholesale,2022-05-01,6,33.48,26.1,41.07,10.26,True
Maize,Nakuru,Wholesale,2022-06-01,6,33.33,25.96,41.11,10.26,True
Maize,Nakuru,Wholesale,2022-07-01,6,33.78,26.23,41.11,10.26,True
Maize,Nakuru,Wholesale,2022-08-01,6,31.64,23.69,38.82,10.26,True
Maize,Nakuru,Wholesale,2022-09-01,6,29.66,22.33,37.07,10.26,True
Maize,Nakuru,Wholesale,2022-10-01,6,29.19,21.79,37.26,10.26,True
Maize,Nakuru,Wholesale,2022-05-01,12,33.48,26.03,40.84,10.26,True
Maize,Nakuru,Wholesale,2022-06-01,12,33.33,25.44,40.94,10.26,True
Maize,Nakuru,Wholesale,2022-07-01,12,33.78,26.33,41.85,10.26,True
Maize,Nakuru,Wholesale,2022-08-01,12,31.64,24.75,39.5,10.26,True
Maize,Nakuru,Wholesale,2022-09-01,12,29.66,22.51,37.3,10.26,True
Maize,Nakuru,Wholesale,2022-10-01,12,29.19,21.35,36.89,10.26,True
Maize,Nakuru,Wholesale,2022-11-01,12,29.19,21.98,36.63,10.26,True
Maize,Nakuru,Wholesale,2022-12-01,12,27.52,20.52,35.11,10.26,True
Maize,Nakuru,Wholesale,2023-01-01,12,26.99,19.44,35.14,10.26,True
Maize,Nakuru,Wholesale,2023-02-01,12,27.25,19.36,34.86,10.26,True
Maize,Nakuru,Wholesale,2023-03-01,12,29.47,22.07,36.87,10.26,True
Maize,Nakuru,Wholesale,2023-04-01,12,31.8,24.87,39.24,10.26,True
Maize,Mombasa,Wholesale,2021-12-01,3,33.19,25.68,40.43,14.16,True
Maize,Mombasa,Wholesale,2022-01-01,3,25.32,17.55,32.61,14.16,True
Maize,Mombasa,Wholesale,2022-02-01,3,22.51,14.4,29.88,14.16,True
Maize,Mombasa,Wholesale,2021-12-01,6,33.19,25.3,40.68,14.16,True
Maize,Mombasa,Wholesale,2022-01-01,6,25.32,17.39,32.93,14.16,True
Maize,Mombasa,Wholesale,2022-02-01,6,22.51,14.94,29.78,14.16,True
Maize,Mombasa,Wholesale,2022-03-01,6,43.75,36.17,51.27,14.16,True
Maize,Mombasa,Wholesale,2022-04-01,6,33.96,26.29,41.12,14.16,True
Maize,Mombasa,Wholesale,2022-05-01,6,35.28,27.71,43.0,14.16,True
Maize,Mombasa,Wholesale,2021-12-01,12,33.19,25.21,40.64,14.16,True
Maize,Mombasa,Wholesale,2022-01-01,12,25.32,17.96,32.83,14.16,True
Maize,Mombasa,Wholesale,2022-02-01,12,22.51,15.53,30.12,14.16,True
Maize,Mombasa,Wholesale,2022-03-01,12,43.75,35.87,51.36,14.16,True
Maize,Mombasa,Wholesale,2022-04-01,12,33.96,26.27,41.35,14.16,True
Maize,Mombasa,Wholesale,2022-05-01,12,35.28,28.22,43.02,14.16,True
Maize,Mombasa,Wholesale,2022-06-01,12,35.91,27.85,43.0,14.16,True
Maize,Mombasa,Wholesale,2022-07-01,12,37.78,30.58,45.34,14.16,True
Maize,Mombasa,Wholesale,2022-08-01,12,28.96,21.42,36.48,14.16,True
Maize,Mombasa,Wholesale,2022-09-01,12,34.74,27.06,42.02,14.16,True
Maize,Mombasa,Wholesale,2022-10-01,12,32.44,24.79,40.58,14.16,True
Maize,Mombasa,Wholesale,2022-11-01,12,32.37,25.43,40.46,14.16,True
Maize,Kisumu,Wholesale,2022-03-01,3,25.62,18.42,33.42,16.67,True
Maize,Kisumu,Wholesale,2022-04-01,3,52.23,45.11,59.33,16.67,True
Maize,Kisumu,Wholesale,2022-05-01,3,41.23,33.95,48.88,16.67,True
Maize,Kisumu,Wholesale,2022-03-01,6,25.62,18.61,33.51,16.67,True
Maize,Kisumu,Wholesale,2022-04-01,6,52.23,44.86,59.63,16.67,True
Maize,Kisumu,Wholesale,2022-05-01,6,41.23,33.89,48.87,16.67,True
Maize,Kisumu,Wholesale,2022-06-01,6,48.99,41.37,56.47,16.67,True
Maize,Kisumu,Wholesale,2022-07-01,6,34.3,27.5,41.93,16.67,True
Maize,Kisumu,Wholesale,2022-08-01,6,42.46,34.62,50.58,16.67,True
Maize,Kisumu,Wholesale,2022-03-01,12,25.62,18.72,33.27,16.67,True
Maize,Kisumu,Wholesale,2022-04-01,12,52.23,44.56,59.5,16.67,True
Maize,Kisumu,Wholesale,2022-05-01,12,41.23,33.41,48.67,16.67,True
Maize,Kisumu,Wholesale,2022-06-01,12,48.99,41.79,56.15,16.67,True
Maize,Kisumu,Wholesale,2022-07-01,12,34.3,27.39,42.01,16.67,True
Maize,Kisumu,Wholesale,2022-08-01,12,42.46,35.46,50.11,16.67,True
Maize,Kisumu,Wholesale,2022-09-01,12,35.53,28.33,42.98,16.67,True
Maize,Kisumu,Wholesale,2022-10-01,12,39.98,32.48,47.31,16.67,True
Maize,Kisumu,Wholesale,2022-11-01,12,40.24,32.57,47.28,16.67,True
Maize,Kisumu,Wholesale,2022-12-01,12,39.44,31.86,46.66,16.67,True
Maize,Kisumu,Wholesale,2023-01-01,12,38.27,31.14,45.41,16.67,True
Maize,Kisumu,Wholesale,2023-02-01,12,44.57,37.36,52.06,16.67,True
Maize,Eldoret,Wholesale,2022-12-01,3,33.2,24.65,41.31,34.03,False
Maize,Eldoret,Wholesale,2023-01-01,3,35.27,26.78,43.73,34.03,False
Maize,Eldoret,Wholesale,2023-02-01,3,36.97,28.55,45.31,34.03,False
Maize,Eldoret,Wholesale,2022-12-01,6,33.2,24.63,41.0,34.03,False
Maize,Eldoret,Wholesale,2023-01-01,6,35.27,26.86,43.83,34.03,False
Maize,Eldoret,Wholesale,2023-02-01,6,36.97,27.87,45.84,34.03,False
Maize,Eldoret,Wholesale,2023-03-01,6,37.11,28.55,45.68,34.03,False
Maize,Eldoret,Wholesale,2023-04-01,6,40.29,32.1,48.91,34.03,False
Maize,Eldoret,Wholesale,2023-05-01,6,43.49,34.86,52.25,34.03,False
Maize,Eldoret,Wholesale,2022-12-01,12,33.2,24.88,41.49,34.03,False
Maize,Eldoret,Wholesale,2023-01-01,12,35.27,26.34,44.08,34.03,False
Maize,Eldoret,Wholesale,2023-02-01,12,36.97,28.54,45.19,34.03,False
Maize,Eldoret,Wholesale,2023-03-01,12,37.11,28.76,45.69,34.03,False
Maize,Eldoret,Wholesale,2023-04-01,12,40.29,31.26,49.13,34.03,False
Maize,Eldoret,Wholesale,2023-05-01,12,43.49,34.72,51.78,34.03,False
Maize,Eldoret,Wholesale,2023-06-01,12,45.77,37.34,54.42,34.03,False
Maize,Eldoret,Wholesale,2023-07-01,12,46.01,36.72,54.07,34.03,False
Maize,Eldoret,Wholesale,2023-08-01,12,44.18,35.23,52.78,34.03,False
Maize,Eldoret,Wholesale,2023-09-01,12,41.31,32.72,50.16,34.03,False
Maize,Eldoret,Wholesale,2023-10-01,12,38.35,29.58,46.85,34.03,False
Maize,Eldoret,Wholesale,2023-11-01,12,38.21,29.83,46.3,34.03,False
Maize (white),Nairobi,Wholesale,2020-04-01,3,32.55,25.2,39.71,16.4,True
Maize (white),Nairobi,Wholesale,2020-05-01,3,33.98,26.56,41.58,16.4,True
Maize (white),Nairobi,Wholesale,2020-06-01,3,40.69,33.49,48.57,16.4,True
Maize (white),Nairobi,Wholesale,2020-04-01,6,32.55,25.44,39.26,16.4,True
Maize (white),Nairobi,Wholesale,2020-05-01,6,33.98,26.96,41.18,16.4,True
Maize (white),Nairobi,Wholesale,2020-06-01,6,40.69,33.18,48.1,16.4,True
Maize (white),Nairobi,Wholesale,2020-07-01,6,45.4,37.88,52.96,16.4,True
Maize (white),Nairobi,Wholesale,2020-08-01,6,34.29,27.04,41.61,16.4,True
Maize (white),Nairobi,Wholesale,2020-09-01,6,32.95,25.89,40.12,16.4,True
Maize (white),Nairobi,Wholesale,2020-04-01,12,32.55,24.98,39.41,16.4,True
Maize (white),Nairobi,Wholesale,2020-05-01,12,33.98,27.07,41.47,16.4,True
Maize (white),Nairobi,Wholesale,2020-06-01,12,40.69,33.13,47.85,16.4,True
Maize (white),Nairobi,Wholesale,2020-07-01,12,45.4,37.99,52.76,16.4,True
Maize (white),Nairobi,Wholesale,2020-08-01,12,34.29,26.99,41.14,16.4,True
Maize (white),Nairobi,Wholesale,2020-09-01,12,32.95,26.02,39.82,16.4,True
Maize (white),Nairobi,Wholesale,2020-10-01,12,33.97,26.44,41.2,16.4,True
Maize (white),Nairobi,Wholesale,2020-11-01,12,35.59,28.04,42.21,16.4,True
Maize (white),Nairobi,Wholesale,2020-12-01,12,38.05,30.56,45.43,16.4,True
Maize (white),Nairobi,Wholesale,2021-01-01,12,31.68,24.7,38.84,16.4,True
Maize (white),Nairobi,Wholesale,2021-02-01,12,27.18,19.7,34.25,16.4,True
Maize (white),Nairobi,Wholesale,2021-03-01,12,40.91,33.91,48.06,16.4,True
Maize (white),Nakuru,Wholesale,2020-04-01,3,12.82,5.75,20.33,71.77,False
Maize (white),Nakuru,Wholesale,2020-05-01,3,81.82,74.54,89.37,71.77,False
Maize (white),Nakuru,Wholesale,2020-06-01,3,36.31,29.16,44.1,71.77,False
Maize (white),Nakuru,Wholesale,2020-04-01,6,12.82,5.38,20.7,71.77,False
Maize (white),Nakuru,Wholesale,2020-05-01,6,81.82,74.5,89.47,71.77,False
Maize (white),Nakuru,Wholesale,2020-06-01,6,36.31,28.69,43.72,71.77,False
Maize (white),Nakuru,Wholesale,2020-07-01,6,50.18,42.9,57.69,71.77,False
Maize (white),Nakuru,Wholesale,2020-08-01,6,15.25,8.25,22.26,71.77,False
Maize (white),Nakuru,Wholesale,2020-09-01,6,-19.24,-26.31,-11.58,71.77,False
Maize (white),Nakuru,Wholesale,2020-04-01,12,12.82,5.25,20.5,71.77,False
Maize (white),Nakuru,Wholesale,2020-05-01,12,81.82,74.36,89.45,71.77,False
Maize (white),Nakuru,Wholesale,2020-06-01,12,36.31,28.53,43.21,71.77,False
Maize (white),Nakuru,Wholesale,2020-07-01,12,50.18,42.56,57.8,71.77,False
Maize (white),Nakuru,Wholesale,2020-08-01,12,15.25,7.94,23.01,71.77,False
Maize (white),Nakuru,Wholesale,2020-09-01,12,-19.24,-26.12,-11.85,71.77,False
Maize (white),Nakuru,Wholesale,2020-10-01,12,34.61,27.28,42.91,71.77,False
Maize (white),Nakuru,Wholesale,2020-11-01,12,47.85,40.23,55.67,71.77,False
Maize (white),Nakuru,Wholesale,2020-12-01,12,44.0,36.61,51.34,71.77,False
Maize (white),Nakuru,Wholesale,2021-01-01,12,38.57,31.59,46.34,71.77,False
Maize (white),Nakuru,Wholesale,2021-02-01,12,21.05,13.83,28.53,71.77,False
Maize (white),Nakuru,Wholesale,2021-03-01,12,-5.33,-12.89,1.95,71.77,False
Maize (white),Mombasa,Wholesale,2020-04-01,3,31.7,24.53,39.16,15.73,True
Maize (white),Mombasa,Wholesale,2020-05-01,3,40.14,32.81,47.53,15.73,True
Maize (white),Mombasa,Wholesale,2020-06-01,3,39.73,31.52,46.83,15.73,True
Maize (white),Mombasa,Wholesale,2020-04-01,6,31.7,24.88,39.18,15.73,True
Maize (white),Mombasa,Wholesale,2020-05-01,6,40.14,32.45,47.93,15.73,True
Maize (white),Mombasa,Wholesale,2020-06-01,6,39.73,32.79,46.93,15.73,True
Maize (white),Mombasa,Wholesale,2020-07-01,6,42.8,35.1,50.05,15.73,True
Maize (white),Mombasa,Wholesale,2020-08-01,6,34.23,26.9,41.6,15.73,True
Maize (white),Mombasa,Wholesale,2020-09-01,6,35.8,28.63,43.35,15.73,True
Maize (white),Mombasa,Wholesale,2020-04-01,12,31.7,24.52,39.05,15.73,True
Maize (white),Mombasa,Wholesale,2020-05-01,12,40.14,32.76,47.75,15.73,True
Maize (white),Mombasa,Wholesale,2020-06-01,12,39.73,31.87,46.66,15.73,True
Maize (white),Mombasa,Wholesale,2020-07-01,12,42.8,35.39,50.03,15.73,True
Maize (white),Mombasa,Wholesale,2020-08-01,12,34.23,26.6,41.29,15.73,True
Maize (white),Mombasa,Wholesale,2020-09-01,12,35.8,28.3,42.38,15.73,True
Maize (white),Mombasa,Wholesale,2020-10-01,12,31.05,23.78,38.71,15.73,True
Maize (white),Mombasa,Wholesale,2020-11-01,12,26.84,19.68,33.89,15.73,True
Maize (white),Mombasa,Wholesale,2020-12-01,12,36.2,28.53,43.16,15.73,True
Maize (white),Mombasa,Wholesale,2021-01-01,12,46.75,39.77,54.65,15.73,True
Maize (white),Mombasa,Wholesale,2021-02-01,12,25.18,17.84,31.99,15.73,True
Maize (white),Mombasa,Wholesale,2021-03-01,12,33.84,25.92,41.03,15.73,True
Maize (white),Kisumu,Wholesale,2019-11-01,3,57.52,49.25,65.54,24.04,True
Maize (white),Kisumu,Wholesale,2019-12-01,3,44.46,36.66,52.13,24.04,True
Maize (white),Kisumu,Wholesale,2020-01-01,3,35.15,26.98,43.22,24.04,True
Maize (white),Kisumu,Wholesale,2019-11-01,6,57.52,49.66,65.74,24.04,True
Maize (white),Kisumu,Wholesale,2019-12-01,6,44.46,37.31,52.74,24.04,True
Maize (white),Kisumu,Wholesale,2020-01-01,6,35.15,27.16,43.19,24.04,True
Maize (white),Kisumu,Wholesale,2020-02-01,6,26.43,19.4,34.63,24.04,True
Maize (white),Kisumu,Wholesale,2020-03-01,6,45.2,37.78,52.5,24.04,True
Maize (white),Kisumu,Wholesale,2020-04-01,6,26.94,18.3,34.82,24.04,True
Maize (white),Kisumu,Wholesale,2019-11-01,12,57.52,49.53,65.36,24.04,True
Maize (white),Kisumu,Wholesale,2019-12-01,12,44.46,36.47,52.54,24.04,True
Maize (white),Kisumu,Wholesale,2020-01-01,12,35.15,27.43,43.35,24.04,True
Maize (white),Kisumu,Wholesale,2020-02-01,12,26.43,19.25,34.14,24.04,True
Maize (white),Kisumu,Wholesale,2020-03-01,12,45.2,37.85,53.39,24.04,True
Maize (white),Kisumu,Wholesale,2020-04-01,12,26.94,19.74,35.3,24.04,True
Maize (white),Kisumu,Wholesale,2020-05-01,12,45.08,37.07,52.84,24.04,True
Maize (white),Kisumu,Wholesale,2020-06-01,12,57.88,50.3,66.07,24.04,True
Maize (white),Kisumu,Wholesale,2020-07-01,12,52.44,44.73,59.87,24.04,True
Maize (white),Kisumu,Wholesale,2020-08-01,12,30.07,21.89,37.59,24.04,True
Maize (white),Kisumu,Wholesale,2020-09-01,12,29.32,21.52,37.65,24.04,True
Maize (white),Kisumu,Wholesale,2020-10-01,12,22.97,15.58,30.48,24.04,True
Maize (white),Kitui,Retail,2026-06-01,3,56.07,44.6,67.26,7.46,True
Maize (white),Kitui,Retail,2026-07-01,3,59.88,48.23,71.48,7.46,True
Maize (white),Kitui,Retail,2026-08-01,3,57.61,47.32,68.79,7.46,True
Maize (white),Kitui,Retail,2026-06-01,6,56.07,44.49,67.4,7.46,True
Maize (white),Kitui,Retail,2026-07-01,6,59.88,47.8,70.62,7.46,True
Maize (white),Kitui,Retail,2026-08-01,6,57.61,46.5,69.57,7.46,True
Maize (white),Kitui,Retail,2026-09-01,6,60.81,49.71,72.78,7.46,True
Maize (white),Kitui,Retail,2026-10-01,6,61.37,49.82,73.7,7.46,True
Maize (white),Kitui,Retail,2026-11-01,6,57.33,45.41,68.83,7.46,True
Maize (white),Kitui,Retail,2026-06-01,12,56.07,44.43,67.33,7.46,True
Maize (white),Kitui,Retail,2026-07-01,12,59.88,48.38,71.59,7.46,True
Maize (white),Kitui,Retail,2026-08-01,12,57.61,45.6,69.77,7.46,True
Maize (white),Kitui,Retail,2026-09-01,12,60.81,48.76,72.47,7.46,True
Maize (white),Kitui,Retail,2026-10-01,12,61.37,49.79,72.06,7.46,True
Maize (white),Kitui,Retail,2026-11-01,12,57.33,44.99,68.7,7.46,True
Maize (white),Kitui,Retail,2026-12-01,12,59.59,48.41,70.44,7.46,True
Maize (white),Kitui,Retail,2027-01-01,12,60.24,48.82,71.79,7.46,True
Maize (white),Kitui,Retail,2027-02-01,12,53.86,42.14,64.78,7.46,True
Maize (white),Kitui,Retail,2027-03-01,12,55.29,44.0,66.42,7.46,True
Maize (white),Kitui,Retail,2027-04-01,12,54.17,43.05,66.69,7.46,True
Maize (white),Kitui,Retail,2027-05-01,12,57.32,45.82,68.75,7.46,True
Maize (white),Meru,Retail,2026-06-01,3,54.14,40.65,68.27,12.85,True
Maize (white),Meru,Retail,2026-07-01,3,57.51,43.37,72.96,12.85,True
Maize (white),Meru,Retail,2026-08-01,3,55.46,40.2,70.75,12.85,True
Maize (white),Meru,Retail,2026-06-01,6,54.14,39.81,68.35,12.85,True
Maize (white),Meru,Retail,2026-07-01,6,57.51,42.32,73.23,12.85,True
Maize (white),Meru,Retail,2026-08-01,6,55.46,41.23,70.04,12.85,True
Maize (white),Meru,Retail,2026-09-01,6,56.87,42.59,70.46,12.85,True
Maize (white),Meru,Retail,2026-10-01,6,59.63,45.05,73.7,12.85,True
Maize (white),Meru,Retail,2026-11-01,6,60.48,44.88,75.36,12.85,True
Maize (white),Meru,Retail,2026-06-01,12,54.14,39.35,68.2,12.85,True
Maize (white),Meru,Retail,2026-07-01,12,57.51,43.5,71.66,12.85,True
Maize (white),Meru,Retail,2026-08-01,12,55.46,41.11,69.93,12.85,True
Maize (white),Meru,Retail,2026-09-01,12,56.87,42.71,70.94,12.85,True
Maize (white),Meru,Retail,2026-10-01,12,59.63,44.79,74.09,12.85,True
Maize (white),Meru,Retail,2026-11-01,12,60.48,45.41,74.26,12.85,True
Maize (white),Meru,Retail,2026-12-01,12,58.94,44.31,73.77,12.85,True
Maize (white),Meru,Retail,2027-01-01,12,60.07,44.95,74.39,12.85,True
Maize (white),Meru,Retail,2027-02-01,12,54.73,39.34,67.59,12.85,True
Maize (white),Meru,Retail,2027-03-01,12,48.75,34.62,63.03,12.85,True
Maize (white),Meru,Retail,2027-04-01,12,51.05,36.55,65.31,12.85,True
Maize (white),Meru,Retail,2027-05-01,12,52.16,39.09,66.75,12.85,True
Maize (white),Makueni,Retail,2026-06-01,3,58.87,49.29,69.25,4.06,True
Maize (white),Makueni,Retail,2026-07-01,3,61.65,51.55,71.69,4.06,True
Maize (white),Makueni,Retail,2026-08-01,3,58.19,47.72,68.61,4.06,True
Maize (white),Makueni,Retail,2026-06-01,6,58.87,48.9,69.24,4.06,True
Maize (white),Makueni,Retail,2026-07-01,6,61.65,50.29,72.12,4.06,True
Maize (white),Makueni,Retail,2026-08-01,6,58.19,48.52,67.94,4.06,True
Maize (white),Makueni,Retail,2026-09-01,6,60.21,49.5,70.72,4.06,True
Maize (white),Makueni,Retail,2026-10-01,6,60.04,48.77,70.17,4.06,True
Maize (white),Makueni,Retail,2026-11-01,6,60.24,49.15,70.39,4.06,True
Maize (white),Makueni,Retail,2026-06-01,12,58.87,49.31,69.85,4.06,True
Maize (white),Makueni,Retail,2026-07-01,12,61.65,50.74,71.77,4.06,True
Maize (white),Makueni,Retail,2026-08-01,12,58.19,47.87,69.12,4.06,True
Maize (white),Makueni,Retail,2026-09-01,12,60.21,49.47,70.24,4.06,True
Maize (white),Makueni,Retail,2026-10-01,12,60.04,49.5,69.91,4.06,True
Maize (white),Makueni,Retail,2026-11-01,12,60.24,50.05,71.15,4.06,True
Maize (white),Makueni,Retail,2026-12-01,12,61.75,51.51,72.48,4.06,True
Maize (white),Makueni,Retail,2027-01-01,12,60.69,50.57,71.14,4.06,True
Maize (white),Makueni,Retail,2027-02-01,12,58.19,47.91,69.08,4.06,True
Maize (white),Makueni,Retail,2027-03-01,12,54.35,43.6,64.9,4.06,True
Maize (white),Makueni,Retail,2027-04-01,12,55.62,44.75,66.13,4.06,True
Maize (white),Makueni,Retail,2027-05-01,12,60.23,49.67,71.18,4.06,True
Beans (dry),Nairobi,Wholesale,2020-04-01,3,126.35,116.78,135.14,20.09,True
Beans (dry),Nairobi,Wholesale,2020-05-01,3,124.66,115.33,134.61,20.09,True
Beans (dry),Nairobi,Wholesale,2020-06-01,3,65.87,56.13,75.31,20.09,True
Beans (dry),Nairobi,Wholesale,2020-04-01,6,126.35,117.17,135.81,20.09,True
Beans (dry),Nairobi,Wholesale,2020-05-01,6,124.66,115.3,133.93,20.09,True
Beans (dry),Nairobi,Wholesale,2020-06-01,6,65.87,55.82,75.71,20.09,True
Beans (dry),Nairobi,Wholesale,2020-07-01,6,66.8,57.61,76.48,20.09,True
Beans (dry),Nairobi,Wholesale,2020-08-01,6,85.81,76.28,95.55,20.09,True
Beans (dry),Nairobi,Wholesale,2020-09-01,6,116.1,107.1,125.33,20.09,True
Beans (dry),Nairobi,Wholesale,2020-04-01,12,126.35,117.14,135.69,20.09,True
Beans (dry),Nairobi,Wholesale,2020-05-01,12,124.66,115.41,134.05,20.09,True
Beans (dry),Nairobi,Wholesale,2020-06-01,12,65.87,56.99,75.37,20.09,True
Beans (dry),Nairobi,Wholesale,2020-07-01,12,66.8,56.92,76.63,20.09,True
Beans (dry),Nairobi,Wholesale,2020-08-01,12,85.81,75.91,94.81,20.09,True
Beans (dry),Nairobi,Wholesale,2020-09-01,12,116.1,107.45,125.62,20.09,True
Beans (dry),Nairobi,Wholesale,2020-10-01,12,83.33,73.87,92.44,20.09,True
Beans (dry),Nairobi,Wholesale,2020-11-01,12,83.82,75.14,93.48,20.09,True
Beans (dry),Nairobi,Wholesale,2020-12-01,12,123.55,114.42,132.58,20.09,True
Beans (dry),Nairobi,Wholesale,2021-01-01,12,60.01,50.57,69.71,20.09,True
Beans (dry),Nairobi,Wholesale,2021-02-01,12,82.57,73.34,91.68,20.09,True
Beans (dry),Nairobi,Wholesale,2021-03-01,12,73.91,64.75,83.32,20.09,True
Beans (dry),Nakuru,Wholesale,2020-04-01,3,45.74,36.89,54.09,24.62,True
Beans (dry),Nakuru,Wholesale,2020-05-01,3,270.54,262.58,278.37,24.62,True
Beans (dry),Nakuru,Wholesale,2020-06-01,3,208.45,200.28,217.47,24.62,True
Beans (dry),Nakuru,Wholesale,2020-04-01,6,45.74,37.23,54.33,24.62,True
Beans (dry),Nakuru,Wholesale,2020-05-01,6,270.54,262.08,279.09,24.62,True
Beans (dry),Nakuru,Wholesale,2020-06-01,6,208.45,200.19,216.74,24.62,True
Beans (dry),Nakuru,Wholesale,2020-07-01,6,79.83,72.05,87.97,24.62,True
Beans (dry),Nakuru,Wholesale,2020-08-01,6,5.96,-2.96,14.63,24.62,True
Beans (dry),Nakuru,Wholesale,2020-09-01,6,-75.82,-84.65,-67.52,24.62,True
Beans (dry),Nakuru,Wholesale,2020-04-01,12,45.74,36.86,54.8,24.62,True
Beans (dry),Nakuru,Wholesale,2020-05-01,12,270.54,262.66,279.5,24.62,True
Beans (dry),Nakuru,Wholesale,2020-06-01,12,208.45,199.8,216.92,24.62,True
Beans (dry),Nakuru,Wholesale,2020-07-01,12,79.83,71.2,87.76,24.62,True
Beans (dry),Nakuru,Wholesale,2020-08-01,12,5.96,-2.02,14.54,24.62,True
Beans (dry),Nakuru,Wholesale,2020-09-01,12,-75.82,-84.79,-67.39,24.62,True
Beans (dry),Nakuru,Wholesale,2020-10-01,12,86.38,77.11,95.16,24.62,True
Beans (dry),Nakuru,Wholesale,2020-11-01,12,90.12,80.75,98.97,24.62,True
Beans (dry),Nakuru,Wholesale,2020-12-01,12,154.05,145.7,162.65,24.62,True
Beans (dry),Nakuru,Wholesale,2021-01-01,12,163.61,155.05,172.11,24.62,True
Beans (dry),Nakuru,Wholesale,2021-02-01,12,145.37,136.67,153.76,24.62,True
Beans (dry),Nakuru,Wholesale,2021-03-01,12,-186.64,-195.75,-178.14,24.62,True
Beans (dry),Nakuru,Retail,2026-07-01,3,161.38,146.55,178.04,15.17,True
Beans (dry),Nakuru,Retail,2026-08-01,3,159.29,142.98,175.35,15.17,True
Beans (dry),Nakuru,Retail,2026-09-01,3,152.49,135.94,168.77,15.17,True
Beans (dry),Nakuru,Retail,2026-07-01,6,161.38,144.64,177.93,15.17,True
Beans (dry),Nakuru,Retail,2026-08-01,6,159.29,142.57,176.26,15.17,True
Beans (dry),Nakuru,Retail,2026-09-01,6,152.49,135.88,168.28,15.17,True
Beans (dry),Nakuru,Retail,2026-10-01,6,152.45,134.79,169.56,15.17,True
Beans (dry),Nakuru,Retail,2026-11-01,6,147.37,129.96,164.27,15.17,True
Beans (dry),Nakuru,Retail,2026-12-01,6,156.32,139.56,172.45,15.17,True
Beans (dry),Nakuru,Retail,2026-07-01,12,161.38,143.82,178.7,15.17,True
Beans (dry),Nakuru,Retail,2026-08-01,12,159.29,142.78,176.07,15.17,True
Beans (dry),Nakuru,Retail,2026-09-01,12,152.49,136.74,168.2,15.17,True
Beans (dry),Nakuru,Retail,2026-10-01,12,152.45,135.95,169.37,15.17,True
Beans (dry),Nakuru,Retail,2026-11-01,12,147.37,131.76,163.79,15.17,True
Beans (dry),Nakuru,Retail,2026-12-01,12,156.32,139.82,172.32,15.17,True
Beans (dry),Nakuru,Retail,2027-01-01,12,159.77,142.55,176.03,15.17,True
Beans (dry),Nakuru,Retail,2027-02-01,12,165.64,148.14,182.8,15.17,True
Beans (dry),Nakuru,Retail,2027-03-01,12,163.91,148.06,180.92,15.17,True
Beans (dry),Nakuru,Retail,2027-04-01,12,166.05,148.44,182.38,15.17,True
Beans (dry),Nakuru,Retail,2027-05-01,12,170.69,155.04,187.0,15.17,True
Beans (dry),Nakuru,Retail,2027-06-01,12,181.09,163.97,198.12,15.17,True
Beans (dry),Mombasa,Wholesale,2020-04-01,3,85.03,74.46,95.87,28.19,False
Beans (dry),Mombasa,Wholesale,2020-05-01,3,237.49,227.4,249.08,28.19,False
Beans (dry),Mombasa,Wholesale,2020-06-01,3,73.85,62.42,84.32,28.19,False
Beans (dry),Mombasa,Wholesale,2020-04-01,6,85.03,73.44,96.24,28.19,False
Beans (dry),Mombasa,Wholesale,2020-05-01,6,237.49,227.71,247.99,28.19,False
Beans (dry),Mombasa,Wholesale,2020-06-01,6,73.85,62.71,84.41,28.19,False
Beans (dry),Mombasa,Wholesale,2020-07-01,6,115.69,104.48,126.47,28.19,False
Beans (dry),Mombasa,Wholesale,2020-08-01,6,44.37,33.59,55.52,28.19,False
Beans (dry),Mombasa,Wholesale,2020-09-01,6,21.31,10.42,32.55,28.19,False
Beans (dry),Mombasa,Wholesale,2020-04-01,12,85.03,74.19,95.49,28.19,False
Beans (dry),Mombasa,Wholesale,2020-05-01,12,237.49,227.6,247.99,28.19,False
Beans (dry),Mombasa,Wholesale,2020-06-01,12,73.85,63.8,84.96,28.19,False
Beans (dry),Mombasa,Wholesale,2020-07-01,12,115.69,104.6,126.28,28.19,False
Beans (dry),Mombasa,Wholesale,2020-08-01,12,44.37,34.02,54.98,28.19,False
Beans (dry),Mombasa,Wholesale,2020-09-01,12,21.31,11.25,32.2,28.19,False
Beans (dry),Mombasa,Wholesale,2020-10-01,12,45.3,34.43,55.27,28.19,False
Beans (dry),Mombasa,Wholesale,2020-11-01,12,37.76,26.84,48.11,28.19,False
Beans (dry),Mombasa,Wholesale,2020-12-01,12,108.27,97.14,119.56,28.19,False
Beans (dry),Mombasa,Wholesale,2021-01-01,12,288.65,277.94,300.38,28.19,False
Beans (dry),Mombasa,Wholesale,2021-02-01,12,50.89,39.88,61.28,28.19,False
Beans (dry),Mombasa,Wholesale,2021-03-01,12,-128.35,-139.09,-117.45,28.19,False
Beans (dry),Kisumu,Wholesale,2019-11-01,3,113.74,102.38,125.49,13.92,True
Beans (dry),Kisumu,Wholesale,2019-12-01,3,131.73,120.37,142.64,13.92,True
Beans (dry),Kisumu,Wholesale,2020-01-01,3,96.94,86.06,108.42,13.92,True
Beans (dry),Kisumu,Wholesale,2019-11-01,6,113.74,102.84,124.41,13.92,True
Beans (dry),Kisumu,Wholesale,2019-12-01,6,131.73,119.92,143.19,13.92,True
Beans (dry),Kisumu,Wholesale,2020-01-01,6,96.94,85.51,107.72,13.92,True
Beans (dry),Kisumu,Wholesale,2020-02-01,6,167.93,157.24,179.67,13.92,True
Beans (dry),Kisumu,Wholesale,2020-03-01,6,-48.56,-59.93,-36.79,13.92,True
Beans (dry),Kisumu,Wholesale,2020-04-01,6,95.37,84.33,107.42,13.92,True
Beans (dry),Kisumu,Wholesale,2019-11-01,12,113.74,102.0,124.22,13.92,True
Beans (dry),Kisumu,Wholesale,2019-12-01,12,131.73,119.53,142.57,13.92,True
Beans (dry),Kisumu,Wholesale,2020-01-01,12,96.94,85.22,107.34,13.92,True
Beans (dry),Kisumu,Wholesale,2020-02-01,12,167.93,156.89,179.4,13.92,True
Beans (dry),Kisumu,Wholesale,2020-03-01,12,-48.56,-60.83,-37.95,13.92,True
Beans (dry),Kisumu,Wholesale,2020-04-01,12,95.37,83.22,105.45,13.92,True
Beans (dry),Kisumu,Wholesale,2020-05-01,12,169.38,157.24,180.27,13.92,True
Beans (dry),Kisumu,Wholesale,2020-06-01,12,174.62,163.3,186.27,13.92,True
Beans (dry),Kisumu,Wholesale,2020-07-01,12,110.2,99.17,121.91,13.92,True
Beans (dry),Kisumu,Wholesale,2020-08-01,12,48.85,37.08,60.34,13.92,True
Beans (dry),Kisumu,Wholesale,2020-09-01,12,-10.74,-21.99,1.19,13.92,True
Beans (dry),Kisumu,Wholesale,2020-10-01,12,110.05,99.36,122.29,13.92,True
Beans (dry),Kitui,Retail,2021-01-01,3,70.02,58.76,82.45,9.58,True
Beans (dry),Kitui,Retail,2021-02-01,3,68.16,56.98,79.52,9.58,True
Beans (dry),Kitui,Retail,2021-03-01,3,83.34,71.85,94.42,9.58,True
Beans (dry),Kitui,Retail,2021-01-01,6,70.02,58.35,81.6,9.58,True
Beans (dry),Kitui,Retail,2021-02-01,6,68.16,56.76,80.11,9.58,True
Beans (dry),Kitui,Retail,2021-03-01,6,83.34,73.12,94.19,9.58,True
Beans (dry),Kitui,Retail,2021-04-01,6,94.31,83.29,105.62,9.58,True
Beans (dry),Kitui,Retail,2021-05-01,6,93.61,81.33,105.54,9.58,True
Beans (dry),Kitui,Retail,2021-06-01,6,87.15,74.96,98.83,9.58,True
Beans (dry),Kitui,Retail,2021-01-01,12,70.02,58.32,80.91,9.58,True
Beans (dry),Kitui,Retail,2021-02-01,12,68.16,55.5,80.39,9.58,True
Beans (dry),Kitui,Retail,2021-03-01,12,83.34,72.2,94.52,9.58,True
Beans (dry),Kitui,Retail,2021-04-01,12,94.31,82.4,106.16,9.58,True
Beans (dry),Kitui,Retail,2021-05-01,12,93.61,82.77,104.88,9.58,True
Beans (dry),Kitui,Retail,2021-06-01,12,87.15,76.08,98.56,9.58,True
Beans (dry),Kitui,Retail,2021-07-01,12,75.47,63.77,87.53,9.58,True
Beans (dry),Kitui,Retail,2021-08-01,12,104.46,93.17,115.7,9.58,True
Beans (dry),Kitui,Retail,2021-09-01,12,73.64,61.55,85.14,9.58,True
Beans (dry),Kitui,Retail,2021-10-01,12,92.65,80.69,103.73,9.58,True
Beans (dry),Kitui,Retail,2021-11-01,12,79.7,68.38,91.29,9.58,True
Beans (dry),Kitui,Retail,2021-12-01,12,113.85,102.13,125.84,9.58,True
Beans,Nairobi,Wholesale,2021-12-01,3,97.44,88.1,106.16,18.83,True
Beans,Nairobi,Wholesale,2022-01-01,3,37.35,27.1,46.69,18.83,True
Beans,Nairobi,Wholesale,2022-02-01,3,54.03,44.67,63.27,18.83,True
Beans,Nairobi,Wholesale,2021-12-01,6,97.44,88.4,106.73,18.83,True
Beans,Nairobi,Wholesale,2022-01-01,6,37.35,28.46,46.01,18.83,True
Beans,Nairobi,Wholesale,2022-02-01,6,54.03,45.41,64.17,18.83,True
Beans,Nairobi,Wholesale,2022-03-01,6,39.71,31.14,49.06,18.83,True
Beans,Nairobi,Wholesale,2022-04-01,6,68.71,59.56,77.87,18.83,True
Beans,Nairobi,Wholesale,2022-05-01,6,125.12,115.65,134.99,18.83,True
Beans,Nairobi,Wholesale,2021-12-01,12,97.44,88.8,106.35,18.83,True
Beans,Nairobi,Wholesale,2022-01-01,12,37.35,28.93,47.0,18.83,True
Beans,Nairobi,Wholesale,2022-02-01,12,54.03,44.54,63.61,18.83,True
Beans,Nairobi,Wholesale,2022-03-01,12,39.71,30.21,49.45,18.83,True
Beans,Nairobi,Wholesale,2022-04-01,12,68.71,59.65,77.93,18.83,True
Beans,Nairobi,Wholesale,2022-05-01,12,125.12,115.45,134.57,18.83,True
Beans,Nairobi,Wholesale,2022-06-01,12,28.58,19.48,37.74,18.83,True
Beans,Nairobi,Wholesale,2022-07-01,12,47.08,38.91,57.07,18.83,True
Beans,Nairobi,Wholesale,2022-08-01,12,38.78,29.62,48.35,18.83,True
Beans,Nairobi,Wholesale,2022-09-01,12,90.21,81.26,99.51,18.83,True
Beans,Nairobi,Wholesale,2022-10-01,12,45.67,36.65,54.51,18.83,True
Beans,Nairobi,Wholesale,2022-11-01,12,49.53,40.36,59.08,18.83,True
Beans,Nakuru,Wholesale,2021-03-01,3,90.72,82.93,98.63,13.48,True
Beans,Nakuru,Wholesale,2021-04-01,3,28.85,20.9,37.26,13.48,True
Beans,Nakuru,Wholesale,2021-05-01,3,30.68,22.66,38.94,13.48,True
Beans,Nakuru,Wholesale,2021-03-01,6,90.72,82.71,98.71,13.48,True
Beans,Nakuru,Wholesale,2021-04-01,6,28.85,21.26,36.53,13.48,True
Beans,Nakuru,Wholesale,2021-05-01,6,30.68,22.61,38.36,13.48,True
Beans,Nakuru,Wholesale,2021-06-01,6,78.09,69.82,86.69,13.48,True
Beans,Nakuru,Wholesale,2021-07-01,6,95.55,86.66,104.18,13.48,True
Beans,Nakuru,Wholesale,2021-08-01,6,7.03,-0.98,15.04,13.48,True
Beans,Nakuru,Wholesale,2021-03-01,12,90.72,82.13,98.64,13.48,True
Beans,Nakuru,Wholesale,2021-04-01,12,28.85,20.55,37.13,13.48,True
Beans,Nakuru,Wholesale,2021-05-01,12,30.68,22.98,38.95,13.48,True
Beans,Nakuru,Wholesale,2021-06-01,12,78.09,69.52,86.82,13.48,True
Beans,Nakuru,Wholesale,2021-07-01,12,95.55,87.15,104.0,13.48,True
Beans,Nakuru,Wholesale,2021-08-01,12,7.03,-1.16,15.16,13.48,True
Beans,Nakuru,Wholesale,2021-09-01,12,84.18,76.53,92.31,13.48,True
Beans,Nakuru,Wholesale,2021-10-01,12,59.59,51.42,67.64,13.48,True
Beans,Nakuru,Wholesale,2021-11-01,12,18.8,11.07,26.84,13.48,True
Beans,Nakuru,Wholesale,2021-12-01,12,65.24,57.11,73.29,13.48,True
Beans,Nakuru,Wholesale,2022-01-01,12,63.97,55.87,71.76,13.48,True
Beans,Nakuru,Wholesale,2022-02-01,12,46.89,38.73,54.91,13.48,True
Beans,Mombasa,Wholesale,2019-09-01,3,44.4,30.74,57.75,37.15,False
Beans,Mombasa,Wholesale,2019-10-01,3,73.09,59.39,87.11,37.15,False
Beans,Mombasa,Wholesale,2019-11-01,3,81.73,67.21,95.82,37.15,False
Beans,Mombasa,Wholesale,2019-09-01,6,44.4,30.0,58.1,37.15,False
Beans,Mombasa,Wholesale,2019-10-01,6,73.09,60.03,86.52,37.15,False
Beans,Mombasa,Wholesale,2019-11-01,6,81.73,68.22,96.31,37.15,False
Beans,Mombasa,Wholesale,2019-12-01,6,53.66,40.03,67.58,37.15,False
Beans,Mombasa,Wholesale,2020-01-01,6,43.68,30.84,57.55,37.15,False
Beans,Mombasa,Wholesale,2020-02-01,6,34.17,20.68,47.67,37.15,False
Beans,Mombasa,Wholesale,2019-09-01,12,44.4,30.36,57.94,37.15,False
Beans,Mombasa,Wholesale,2019-10-01,12,73.09,59.51,86.58,37.15,False
Beans,Mombasa,Wholesale,2019-11-01,12,81.73,68.84,94.96,37.15,False
Beans,Mombasa,Wholesale,2019-12-01,12,53.66,39.71,66.92,37.15,False
Beans,Mombasa,Wholesale,2020-01-01,12,43.68,30.62,57.78,37.15,False
Beans,Mombasa,Wholesale,2020-02-01,12,34.17,20.95,47.41,37.15,False
Beans,Mombasa,Wholesale,2020-03-01,12,90.63,77.71,104.2,37.15,False
Beans,Mombasa,Wholesale,2020-04-01,12,65.64,52.06,80.43,37.15,False
Beans,Mombasa,Wholesale,2020-05-01,12,99.39,85.87,112.64,37.15,False
Beans,Mombasa,Wholesale,2020-06-01,12,31.31,17.56,44.18,37.15,False
Beans,Mombasa,Wholesale,2020-07-01,12,32.52,19.46,46.27,37.15,False
Beans,Mombasa,Wholesale,2020-08-01,12,99.45,85.45,112.18,37.15,False
Beans,Kisumu,Wholesale,2019-08-01,3,47.55,36.79,57.73,9.26,True
Beans,Kisumu,Wholesale,2019-09-01,3,57.46,46.82,68.13,9.26,True
Beans,Kisumu,Wholesale,2019-10-01,3,73.76,63.14,84.08,9.26,True
Beans,Kisumu,Wholesale,2019-08-01,6,47.55,37.62,56.91,9.26,True
Beans,Kisumu,Wholesale,2019-09-01,6,57.46,47.73,67.5,9.26,True
Beans,Kisumu,Wholesale,2019-10-01,6,73.76,63.34,84.31,9.26,True
Beans,Kisumu,Wholesale,2019-11-01,6,77.52,66.79,88.12,9.26,True
Beans,Kisumu,Wholesale,2019-12-01,6,56.75,46.21,67.32,9.26,True
Beans,Kisumu,Wholesale,2020-01-01,6,41.05,30.62,51.69,9.26,True
Beans,Kisumu,Wholesale,2019-08-01,12,47.55,37.35,58.0,9.26,True
Beans,Kisumu,Wholesale,2019-09-01,12,57.46,46.87,68.87,9.26,True
Beans,Kisumu,Wholesale,2019-10-01,12,73.76,63.46,84.88,9.26,True
Beans,Kisumu,Wholesale,2019-11-01,12,77.52,66.87,88.15,9.26,True
Beans,Kisumu,Wholesale,2019-12-01,12,56.75,46.46,67.6,9.26,True
Beans,Kisumu,Wholesale,2020-01-01,12,41.05,29.93,51.43,9.26,True
Beans,Kisumu,Wholesale,2020-02-01,12,64.96,54.87,75.34,9.26,True
Beans,Kisumu,Wholesale,2020-03-01,12,70.41,60.6,80.4,9.26,True
Beans,Kisumu,Wholesale,2020-04-01,12,65.37,53.45,76.17,9.26,True
Beans,Kisumu,Wholesale,2020-05-01,12,76.58,66.53,87.36,9.26,True
Beans,Kisumu,Wholesale,2020-06-01,12,54.43,43.88,64.95,9.26,True
Beans,Kisumu,Wholesale,2020-07-01,12,64.67,53.92,75.92,9.26,True
Beans,Eldoret,Wholesale,2019-08-01,3,62.69,51.16,74.0,24.25,True
Beans,Eldoret,Wholesale,2019-09-01,3,62.81,51.18,74.63,24.25,True
Beans,Eldoret,Wholesale,2019-10-01,3,62.84,50.16,75.07,24.25,True
Beans,Eldoret,Wholesale,2019-08-01,6,62.69,50.8,75.01,24.25,True
Beans,Eldoret,Wholesale,2019-09-01,6,62.81,51.07,73.88,24.25,True
Beans,Eldoret,Wholesale,2019-10-01,6,62.84,51.28,74.43,24.25,True
Beans,Eldoret,Wholesale,2019-11-01,6,63.95,52.93,76.03,24.25,True
Beans,Eldoret,Wholesale,2019-12-01,6,67.22,56.09,78.68,24.25,True
Beans,Eldoret,Wholesale,2020-01-01,6,71.16,60.47,82.84,24.25,True
Beans,Eldoret,Wholesale,2019-08-01,12,62.69,50.72,75.45,24.25,True
Beans,Eldoret,Wholesale,2019-09-01,12,62.81,51.28,73.69,24.25,True
Beans,Eldoret,Wholesale,2019-10-01,12,62.84,50.87,73.44,24.25,True
Beans,Eldoret,Wholesale,2019-11-01,12,63.95,52.82,75.23,24.25,True
Beans,Eldoret,Wholesale,2019-12-01,12,67.22,55.74,78.24,24.25,True
Beans,Eldoret,Wholesale,2020-01-01,12,71.16,59.15,83.16,24.25,True
Beans,Eldoret,Wholesale,2020-02-01,12,70.58,59.78,81.86,24.25,True
Beans,Eldoret,Wholesale,2020-03-01,12,72.08,60.05,83.22,24.25,True
Beans,Eldoret,Wholesale,2020-04-01,12,78.52,66.84,89.66,24.25,True
Beans,Eldoret,Wholesale,2020-05-01,12,80.16,68.01,91.35,24.25,True
Beans,Eldoret,Wholesale,2020-06-01,12,74.82,63.08,86.21,24.25,True
Beans,Eldoret,Wholesale,2020-07-01,12,64.77,53.34,76.09,24.25,True
