n_months,train_start,train_end,test_start,test_end,baseline_mae,rainfall_mae,mae_improvement_pct,baseline_rmse,rainfall_rmse,rmse_improvement_pct,baseline_mape,rainfall_mape,mape_improvement_pct,baseline_adj_r2,rainfall_adj_r2,adj_r2_gain,rainfall_f_stat,rainfall_f_pvalue,rainfall_lag_3_coef,rainfall_lag_3_pvalue,rainfall_lag_6_coef,rainfall_lag_6_pvalue,commodity,pricetype,series
235,2007-02-01,2024-08-01,2024-09-01,2026-08-01,7.165876381417111,6.965526537876182,2.795887521315403,9.727827094502805,9.690114161867566,0.3876809514485594,5.777739908760338,5.640295476725331,2.378861530727786,0.9655247662189721,0.9663465802474104,0.0008218140284382836,3.4786225144343126,0.03271984266979503,-1.2203616449756263,0.011955157947738857,-0.11877032172807,0.811874686885376,Beans (dry),Retail,Beans (dry) - Retail
184,2007-01-01,2020-04-01,2020-05-01,2022-04-01,2.1126265145424776,2.11703229934874,-0.2085453711735013,2.8676999455803873,2.897660302806842,-1.0447521635807338,6.779471218514523,6.819800450649051,-0.5948728276091867,0.9319678495308382,0.9332275176650129,0.001259668134174663,2.433745981121331,0.09116424609409984,-0.4161307022510665,0.029672201411018746,0.048609221197152386,0.8059117652275058,Maize,Wholesale,Maize - Wholesale
168,2007-01-01,2018-12-01,2019-01-01,2020-12-01,2.239151932972969,2.3110030592950044,-3.2088544445770104,2.9614266323536462,3.218708027782282,-8.687751795632263,4.222649987152496,4.29987641449149,-1.8288616762923058,0.9026072782106834,0.9061276008129139,0.0035203226022304523,3.5500779678016343,0.0314542556145569,-0.8571410864873222,0.01909747037051781,0.3651026771578384,0.3240362343657652,Maize (white),Retail,Maize (white) - Retail
168,2007-01-01,2018-12-01,2019-01-01,2020-12-01,1.4929274767235086,1.7103948103136044,-14.56650352951947,1.893593839541873,2.2678043248496618,-19.761919240206414,1.3618442002263755,1.5644089306356963,-14.87429548663856,0.9543523069037697,0.9547285895726784,0.00037628266890865625,1.565196030878227,0.2128444871377123,0.46702002811836024,0.20083241887039116,0.42865264911237644,0.24174174132783308,Bread,Retail,Bread - Retail
179,2007-01-01,2019-11-01,2019-12-01,2021-11-01,1.6833732361242333,2.389619505181356,-41.9542293949719,2.0498430228430804,3.0167223851302323,-47.16845882891631,2.5768492766950057,3.5804667188623602,-38.94746391432587,0.8797143974656414,0.8865874887499482,0.006873091284306798,5.454289952920139,0.005201205552323922,-1.2935026013251572,0.0020987151920351804,0.37175057778689147,0.39360888833933666,Beans,Wholesale,Beans - Wholesale
159,2007-01-01,2018-03-01,2018-04-01,2020-03-01,3.8829795656621577,3.830854162819747,1.3424073436637283,5.332821838706617,5.2742196512994175,1.0988964038110922,4.580383520972029,4.4911785247584195,1.9475442570511907,0.9192702233724032,0.9206458698009929,0.001375646428589783,2.1008065742311244,0.12665717811656854,-0.7688590396169359,0.06683552913879696,0.33148584960864946,0.4411341001844818,Beans (dry),Wholesale,Beans (dry) - Wholesale
159,2007-01-01,2018-03-01,2018-04-01,2020-03-01,2.1043861373228685,2.054354720416246,2.3774827261631297,2.597718825315871,2.57312267780875,0.946836403825585,6.689605138824915,6.529860737101348,2.3879496384091157,0.9478527528234361,0.9478372897807387,-1.5463042697394513e-05,0.9811761465776307,0.3777381074879476,-0.2698890675540595,0.18160849413732996,0.05163130236066871,0.8008034563407617,Maize (white),Wholesale,Maize (white) - Wholesale
159,2007-01-01,2018-03-01,2018-04-01,2020-03-01,2.408259940014182,2.198601536683212,8.70580454573917,3.138968187574172,2.85213594547908,9.137787481585118,4.753343135765361,4.303498358527342,9.463755600837485,0.8969163321984371,0.8973036315680709,0.00038729936963377565,1.2394778933983532,0.29306889420263466,-0.565838302601649,0.1251557019943204,-0.15710516017283704,0.6752878353915048,Sorghum,Wholesale,Sorghum - Wholesale
159,2007-01-01,2018-03-01,2018-04-01,2020-03-01,7.105955051397728,7.123841840828187,-0.25171548794051574,8.810389466282746,9.069996390357888,-2.946599864496956,13.268852851918798,13.323859176254702,-0.4145522220328945,0.8059423298598587,0.8114369964958688,0.005494666636010059,2.8503700349627965,0.06158825425894197,0.1500339872909363,0.781857339691282,1.299307811628981,0.019062613481997174,Potatoes (Irish),Wholesale,Potatoes (Irish) - Wholesale
