date,market,commodity,price,unit,pricetype,source
2022-01-01,Nakuru,Beans (dry),97.3,KG,Retail,KNBS Leading Economic Indicators; https://www.knbs.or.ke/wp-content/uploads/2023/07/Kenya-Leading-Economic-Indicators-December-2022.pdf
2022-02-01,Nakuru,Beans (dry),70.8,KG,Retail,KNBS Leading Economic Indicators; https://www.knbs.or.ke/wp-content/uploads/2023/07/Kenya-Leading-Economic-Indicators-December-2022.pdf
2022-03-01,Nakuru,Beans (dry),66.7,KG,Retail,KNBS Leading Economic Indicators; https://www.knbs.or.ke/wp-content/uploads/2023/07/Kenya-Leading-Economic-Indicators-December-2022.pdf
2022-04-01,Nakuru,Beans (dry),74.2,KG,Retail,KNBS Leading Economic Indicators; https://www.knbs.or.ke/wp-content/uploads/2023/07/Kenya-Leading-Economic-Indicators-December-2022.pdf
2022-05-01,Nakuru,Beans (dry),72.7,KG,Retail,KNBS Leading Economic Indicators; https://www.knbs.or.ke/wp-content/uploads/2023/07/Kenya-Leading-Economic-Indicators-December-2022.pdf
2022-06-01,Nakuru,Beans (dry),69.2,KG,Retail,KNBS Leading Economic Indicators; https://www.knbs.or.ke/wp-content/uploads/2023/07/Kenya-Leading-Economic-Indicators-December-2022.pdf
2022-07-01,Nakuru,Beans (dry),67.1,KG,Retail,KNBS Leading Economic Indicators; https://www.knbs.or.ke/wp-content/uploads/2023/07/Kenya-Leading-Economic-Indicators-December-2022.pdf
2022-08-01,Nakuru,Beans (dry),76.7,KG,Retail,KNBS Leading Economic Indicators; https://www.knbs.or.ke/wp-content/uploads/2023/07/Kenya-Leading-Economic-Indicators-December-2022.pdf
2022-09-01,Nakuru,Beans (dry),74.2,KG,Retail,KNBS Leading Economic Indicators; https://www.knbs.or.ke/wp-content/uploads/2023/07/Kenya-Leading-Economic-Indicators-December-2022.pdf
2022-10-01,Nakuru,Beans (dry),82.0,KG,Retail,KNBS Leading Economic Indicators; https://www.knbs.or.ke/wp-content/uploads/2023/07/Kenya-Leading-Economic-Indicators-December-2022.pdf
2022-11-01,Nakuru,Beans (dry),86.7,KG,Retail,KNBS Leading Economic Indicators; https://www.knbs.or.ke/wp-content/uploads/2023/07/Kenya-Leading-Economic-Indicators-December-2022.pdf
2022-12-01,Nakuru,Beans (dry),86.0,KG,Retail,KNBS Leading Economic Indicators; https://www.knbs.or.ke/wp-content/uploads/2023/07/Kenya-Leading-Economic-Indicators-December-2022.pdf
2023-01-01,Nakuru,Beans (dry),86.0,KG,Retail,KNBS Leading Economic Indicators; https://www.knbs.or.ke/wp-content/uploads/2025/02/Kenya-Leading-Economic-Indicators-December-2024.pdf.pdf
2023-02-01,Nakuru,Beans (dry),96.3,KG,Retail,KNBS Leading Economic Indicators; https://www.knbs.or.ke/wp-content/uploads/2025/02/Kenya-Leading-Economic-Indicators-December-2024.pdf.pdf
2023-03-01,Nakuru,Beans (dry),118.0,KG,Retail,KNBS Leading Economic Indicators; https://www.knbs.or.ke/wp-content/uploads/2025/02/Kenya-Leading-Economic-Indicators-December-2024.pdf.pdf
2023-04-01,Nakuru,Beans (dry),120.8,KG,Retail,KNBS Leading Economic Indicators; https://www.knbs.or.ke/wp-content/uploads/2025/02/Kenya-Leading-Economic-Indicators-December-2024.pdf.pdf
2023-05-01,Nakuru,Beans (dry),135.3,KG,Retail,KNBS Leading Economic Indicators; https://www.knbs.or.ke/wp-content/uploads/2025/02/Kenya-Leading-Economic-Indicators-December-2024.pdf.pdf
2023-06-01,Nakuru,Beans (dry),142.1,KG,Retail,KNBS Leading Economic Indicators; https://www.knbs.or.ke/wp-content/uploads/2025/02/Kenya-Leading-Economic-Indicators-December-2024.pdf.pdf
2023-07-01,Nakuru,Beans (dry),148.7,KG,Retail,KNBS Leading Economic Indicators; https://www.knbs.or.ke/wp-content/uploads/2025/02/Kenya-Leading-Economic-Indicators-December-2024.pdf.pdf
2023-08-01,Nakuru,Beans (dry),139.2,KG,Retail,KNBS Leading Economic Indicators; https://www.knbs.or.ke/wp-content/uploads/2025/02/Kenya-Leading-Economic-Indicators-December-2024.pdf.pdf
2023-09-01,Nakuru,Beans (dry),135.0,KG,Retail,KNBS Leading Economic Indicators; https://www.knbs.or.ke/wp-content/uploads/2025/02/Kenya-Leading-Economic-Indicators-December-2024.pdf.pdf
2023-10-01,Nakuru,Beans (dry),129.4,KG,Retail,KNBS Leading Economic Indicators; https://www.knbs.or.ke/wp-content/uploads/2025/02/Kenya-Leading-Economic-Indicators-December-2024.pdf.pdf
2023-11-01,Nakuru,Beans (dry),130.8,KG,Retail,KNBS Leading Economic Indicators; https://www.knbs.or.ke/wp-content/uploads/2025/02/Kenya-Leading-Economic-Indicators-December-2024.pdf.pdf
2023-12-01,Nakuru,Beans (dry),129.4,KG,Retail,KNBS Leading Economic Indicators; https://www.knbs.or.ke/wp-content/uploads/2025/02/Kenya-Leading-Economic-Indicators-December-2024.pdf.pdf
2024-01-01,Nakuru,Beans (dry),131.7,KG,Retail,KNBS Leading Economic Indicators; https://www.knbs.or.ke/wp-content/uploads/2025/02/Kenya-Leading-Economic-Indicators-December-2024.pdf.pdf
2024-02-01,Nakuru,Beans (dry),133.8,KG,Retail,KNBS Leading Economic Indicators; https://www.knbs.or.ke/wp-content/uploads/2025/02/Kenya-Leading-Economic-Indicators-December-2024.pdf.pdf
2024-03-01,Nakuru,Beans (dry),136.7,KG,Retail,KNBS Leading Economic Indicators; https://www.knbs.or.ke/wp-content/uploads/2025/02/Kenya-Leading-Economic-Indicators-December-2024.pdf.pdf
2024-04-01,Nakuru,Beans (dry),142.5,KG,Retail,KNBS Leading Economic Indicators; https://www.knbs.or.ke/wp-content/uploads/2025/02/Kenya-Leading-Economic-Indicators-December-2024.pdf.pdf
2024-05-01,Nakuru,Beans (dry),155.4,KG,Retail,KNBS Leading Economic Indicators; https://www.knbs.or.ke/wp-content/uploads/2025/02/Kenya-Leading-Economic-Indicators-December-2024.pdf.pdf
2024-06-01,Nakuru,Beans (dry),137.7,KG,Retail,KNBS Leading Economic Indicators; https://www.knbs.or.ke/wp-content/uploads/2025/02/Kenya-Leading-Economic-Indicators-December-2024.pdf.pdf
2024-07-01,Nakuru,Beans (dry),136.9,KG,Retail,KNBS Leading Economic Indicators; https://www.knbs.or.ke/wp-content/uploads/2025/02/Kenya-Leading-Economic-Indicators-December-2024.pdf.pdf
2024-08-01,Nakuru,Beans (dry),135.4,KG,Retail,KNBS Leading Economic Indicators; https://www.knbs.or.ke/wp-content/uploads/2025/02/Kenya-Leading-Economic-Indicators-December-2024.pdf.pdf
2024-09-01,Nakuru,Beans (dry),135.8,KG,Retail,KNBS Leading Economic Indicators; https://www.knbs.or.ke/wp-content/uploads/2025/02/Kenya-Leading-Economic-Indicators-December-2024.pdf.pdf
2024-10-01,Nakuru,Beans (dry),136.7,KG,Retail,KNBS Leading Economic Indicators; https://www.knbs.or.ke/wp-content/uploads/2025/02/Kenya-Leading-Economic-Indicators-December-2024.pdf.pdf
2024-11-01,Nakuru,Beans (dry),132.7,KG,Retail,KNBS Leading Economic Indicators; https://www.knbs.or.ke/wp-content/uploads/2025/02/Kenya-Leading-Economic-Indicators-December-2024.pdf.pdf
2024-12-01,Nakuru,Beans (dry),130.0,KG,Retail,KNBS Leading Economic Indicators; https://www.knbs.or.ke/wp-content/uploads/2025/02/Kenya-Leading-Economic-Indicators-December-2024.pdf.pdf
2025-01-01,Nakuru,Beans (dry),131.3,KG,Retail,KNBS Leading Economic Indicators; https://www.knbs.or.ke/wp-content/uploads/2026/08/Kenya-Leading-Economic-Indicators-June-2026.pdf
2025-02-01,Nakuru,Beans (dry),131.7,KG,Retail,KNBS Leading Economic Indicators; https://www.knbs.or.ke/wp-content/uploads/2026/08/Kenya-Leading-Economic-Indicators-June-2026.pdf
2025-03-01,Nakuru,Beans (dry),132.9,KG,Retail,KNBS Leading Economic Indicators; https://www.knbs.or.ke/wp-content/uploads/2026/08/Kenya-Leading-Economic-Indicators-June-2026.pdf
2025-04-01,Nakuru,Beans (dry),140.0,KG,Retail,KNBS Leading Economic Indicators; https://www.knbs.or.ke/wp-content/uploads/2026/08/Kenya-Leading-Economic-Indicators-June-2026.pdf
2025-05-01,Nakuru,Beans (dry),138.0,KG,Retail,KNBS Leading Economic Indicators; https://www.knbs.or.ke/wp-content/uploads/2026/08/Kenya-Leading-Economic-Indicators-June-2026.pdf
2025-06-01,Nakuru,Beans (dry),134.6,KG,Retail,KNBS Leading Economic Indicators; https://www.knbs.or.ke/wp-content/uploads/2026/08/Kenya-Leading-Economic-Indicators-June-2026.pdf
2025-07-01,Nakuru,Beans (dry),137.3,KG,Retail,KNBS Leading Economic Indicators; https://www.knbs.or.ke/wp-content/uploads/2026/08/Kenya-Leading-Economic-Indicators-June-2026.pdf
2025-08-01,Nakuru,Beans (dry),137.1,KG,Retail,KNBS Leading Economic Indicators; https://www.knbs.or.ke/wp-content/uploads/2026/08/Kenya-Leading-Economic-Indicators-June-2026.pdf
2025-09-01,Nakuru,Beans (dry),139.0,KG,Retail,KNBS Leading Economic Indicators; https://www.knbs.or.ke/wp-content/uploads/2026/08/Kenya-Leading-Economic-Indicators-June-2026.pdf
2025-10-01,Nakuru,Beans (dry),138.1,KG,Retail,KNBS Leading Economic Indicators; https://www.knbs.or.ke/wp-content/uploads/2026/08/Kenya-Leading-Economic-Indicators-June-2026.pdf
2025-11-01,Nakuru,Beans (dry),140.0,KG,Retail,KNBS Leading Economic Indicators; https://www.knbs.or.ke/wp-content/uploads/2026/08/Kenya-Leading-Economic-Indicators-June-2026.pdf
2025-12-01,Nakuru,Beans (dry),140.0,KG,Retail,KNBS Leading Economic Indicators; https://www.knbs.or.ke/wp-content/uploads/2026/08/Kenya-Leading-Economic-Indicators-June-2026.pdf
2026-01-01,Nakuru,Beans (dry),135.0,KG,Retail,KNBS Leading Economic Indicators; https://www.knbs.or.ke/wp-content/uploads/2026/08/Kenya-Leading-Economic-Indicators-June-2026.pdf
2026-02-01,Nakuru,Beans (dry),134.0,KG,Retail,KNBS Leading Economic Indicators; https://www.knbs.or.ke/wp-content/uploads/2026/08/Kenya-Leading-Economic-Indicators-June-2026.pdf
2026-03-01,Nakuru,Beans (dry),135.8,KG,Retail,KNBS Leading Economic Indicators; https://www.knbs.or.ke/wp-content/uploads/2026/08/Kenya-Leading-Economic-Indicators-June-2026.pdf
2026-04-01,Nakuru,Beans (dry),140.0,KG,Retail,KNBS Leading Economic Indicators; https://www.knbs.or.ke/wp-content/uploads/2026/08/Kenya-Leading-Economic-Indicators-June-2026.pdf
2026-05-01,Nakuru,Beans (dry),135.7,KG,Retail,KNBS Leading Economic Indicators; https://www.knbs.or.ke/wp-content/uploads/2026/08/Kenya-Leading-Economic-Indicators-June-2026.pdf
2026-06-01,Nakuru,Beans (dry),137.9,KG,Retail,KNBS Leading Economic Indicators; https://www.knbs.or.ke/wp-content/uploads/2026/08/Kenya-Leading-Economic-Indicators-June-2026.pdf
